DROP DATABASE IF EXISTS av;
CREATE DATABASE av;
USE av;

create table material_construcao (
	id INT AUTO_INCREMENT PRIMARY KEY NOT NULL,
	nome VARCHAR(50),
	valor FLOAT
)ENGINE = InnoDB;

CREATE TABLE construcao(
	id INT AUTO_INCREMENT PRIMARY KEY NOT NULL,
	nome VARCHAR(500),
    previsao_entrega DATE NOT NULL
)ENGINE = InnoDB;

CREATE TABLE construcao_usa_material_construcao(
	id INT AUTO_INCREMENT PRIMARY KEY NOT NULL,
	construcao_id INT,
    material_construcao_id INT,
    quantidade INT,
    FOREIGN KEY FK_DASJAJLDSA (construcao_id) REFERENCES construcao(id),
    FOREIGN KEY FK_DASJSADAJLDSA (material_construcao_id) REFERENCES material_construcao(id)
)ENGINE = InnoDB;

insert into construcao (id, nome, previsao_entrega) values (1, 'Indianapolis', '2031-05-18');
insert into construcao (id, nome, previsao_entrega) values (2, 'Kimry', '2023-04-28');
insert into construcao (id, nome, previsao_entrega) values (3, 'Sishui', '2031-02-06');
insert into construcao (id, nome, previsao_entrega) values (4, 'Pashkovskiy', '2053-10-24');
insert into construcao (id, nome, previsao_entrega) values (5, 'Fornelos', '2044-05-18');
insert into construcao (id, nome, previsao_entrega) values (6, 'Jalingo', '2036-08-17');
insert into construcao (id, nome, previsao_entrega) values (7, 'Desespero do Aluno', '2035-04-19');

insert into material_construcao (id, nome, valor) values (1, 'Wood', 988.97);
insert into material_construcao (id, nome, valor) values (2, 'Plastic', 446.21);
insert into material_construcao (id, nome, valor) values (3, 'Glass', 372.47);
insert into material_construcao (id, nome, valor) values (4, 'Plexiglass', 66.27);
insert into material_construcao (id, nome, valor) values (5, 'Vinyl', 647.14);
insert into material_construcao (id, nome, valor) values (6, 'Brass', 752.78);
insert into material_construcao (id, nome, valor) values (7, 'Glass', 641.59);
insert into material_construcao (id, nome, valor) values (8, 'Stone', 761.86);
insert into material_construcao (id, nome, valor) values (9, 'Brass', 86.89);
insert into material_construcao (id, nome, valor) values (10, 'Plexiglass', 299.19);
insert into material_construcao (id, nome, valor) values (11, 'Brass', 959.24);
insert into material_construcao (id, nome, valor) values (12, 'Plastic', 406.36);
insert into material_construcao (id, nome, valor) values (13, 'Stone', 654.63);
insert into material_construcao (id, nome, valor) values (14, 'Rubber', 317.89);
insert into material_construcao (id, nome, valor) values (15, 'Aluminum', 40.73);
insert into material_construcao (id, nome, valor) values (16, 'Glass', 973.41);
insert into material_construcao (id, nome, valor) values (17, 'Rubber', 101.45);
insert into material_construcao (id, nome, valor) values (18, 'Steel', 348.88);
insert into material_construcao (id, nome, valor) values (19, 'Brass', 820.42);
insert into material_construcao (id, nome, valor) values (20, 'Stone', 256.59);
insert into material_construcao (id, nome, valor) values (21, 'Wood', 137.93);
insert into material_construcao (id, nome, valor) values (22, 'Plastic', 210.43);
insert into material_construcao (id, nome, valor) values (23, 'Plexiglass', 372.93);
insert into material_construcao (id, nome, valor) values (24, 'Wood', 361.55);
insert into material_construcao (id, nome, valor) values (25, 'Vinyl', 676.56);
insert into material_construcao (id, nome, valor) values (26, 'Stone', 764.73);
insert into material_construcao (id, nome, valor) values (27, 'Stone', 398.47);
insert into material_construcao (id, nome, valor) values (28, 'Brass', 339.59);
insert into material_construcao (id, nome, valor) values (29, 'Granite', 366.38);
insert into material_construcao (id, nome, valor) values (30, 'Rubber', 791.02);
insert into material_construcao (id, nome, valor) values (31, 'Steel', 60.46);
insert into material_construcao (id, nome, valor) values (32, 'Granite', 20.19);
insert into material_construcao (id, nome, valor) values (33, 'Rubber', 867.08);
insert into material_construcao (id, nome, valor) values (34, 'Stone', 76.42);
insert into material_construcao (id, nome, valor) values (35, 'Stone', 738.59);
insert into material_construcao (id, nome, valor) values (36, 'Granite', 708.8);
insert into material_construcao (id, nome, valor) values (37, 'Rubber', 1.88);
insert into material_construcao (id, nome, valor) values (38, 'Glass', 179.46);
insert into material_construcao (id, nome, valor) values (39, 'Rubber', 657.22);
insert into material_construcao (id, nome, valor) values (40, 'Plastic', 13.57);
insert into material_construcao (id, nome, valor) values (41, 'Steel', 291.63);
insert into material_construcao (id, nome, valor) values (42, 'Brass', 385.5);
insert into material_construcao (id, nome, valor) values (43, 'Steel', 70.32);
insert into material_construcao (id, nome, valor) values (44, 'Rubber', 735.44);
insert into material_construcao (id, nome, valor) values (45, 'Brass', 525.56);
insert into material_construcao (id, nome, valor) values (46, 'Aluminum', 82.33);
insert into material_construcao (id, nome, valor) values (47, 'Plastic', 403.14);
insert into material_construcao (id, nome, valor) values (48, 'Brass', 338.94);
insert into material_construcao (id, nome, valor) values (49, 'Wood', 780.46);
insert into material_construcao (id, nome, valor) values (50, 'Glass', 519.14);
insert into material_construcao (id, nome, valor) values (51, 'Granite', 844.37);
insert into material_construcao (id, nome, valor) values (52, 'Glass', 68.18);
insert into material_construcao (id, nome, valor) values (53, 'Plexiglass', 672.59);
insert into material_construcao (id, nome, valor) values (54, 'Plexiglass', 105.31);
insert into material_construcao (id, nome, valor) values (55, 'Plexiglass', 841.1);
insert into material_construcao (id, nome, valor) values (56, 'Glass', 734.65);
insert into material_construcao (id, nome, valor) values (57, 'Rubber', 457.71);
insert into material_construcao (id, nome, valor) values (58, 'Brass', 723.39);
insert into material_construcao (id, nome, valor) values (59, 'Brass', 482.12);
insert into material_construcao (id, nome, valor) values (60, 'Brass', 399.0);
insert into material_construcao (id, nome, valor) values (61, 'Granite', 283.47);
insert into material_construcao (id, nome, valor) values (62, 'Brass', 731.22);
insert into material_construcao (id, nome, valor) values (63, 'Stone', 327.77);
insert into material_construcao (id, nome, valor) values (64, 'Aluminum', 83.09);
insert into material_construcao (id, nome, valor) values (65, 'Aluminum', 514.64);
insert into material_construcao (id, nome, valor) values (66, 'Wood', 279.25);
insert into material_construcao (id, nome, valor) values (67, 'Glass', 468.27);
insert into material_construcao (id, nome, valor) values (68, 'Plastic', 204.9);
insert into material_construcao (id, nome, valor) values (69, 'Aluminum', 60.47);
insert into material_construcao (id, nome, valor) values (70, 'Granite', 654.76);
insert into material_construcao (id, nome, valor) values (71, 'Plexiglass', 537.49);
insert into material_construcao (id, nome, valor) values (72, 'Aluminum', 6.37);
insert into material_construcao (id, nome, valor) values (73, 'Plexiglass', 964.96);
insert into material_construcao (id, nome, valor) values (74, 'Rubber', 650.5);
insert into material_construcao (id, nome, valor) values (75, 'Glass', 499.38);
insert into material_construcao (id, nome, valor) values (76, 'Plastic', 926.03);
insert into material_construcao (id, nome, valor) values (77, 'Brass', 719.67);
insert into material_construcao (id, nome, valor) values (78, 'Steel', 974.18);
insert into material_construcao (id, nome, valor) values (79, 'Rubber', 29.97);
insert into material_construcao (id, nome, valor) values (80, 'Granite', 961.02);
insert into material_construcao (id, nome, valor) values (81, 'Rubber', 884.83);
insert into material_construcao (id, nome, valor) values (82, 'Glass', 135.77);
insert into material_construcao (id, nome, valor) values (83, 'Granite', 990.56);
insert into material_construcao (id, nome, valor) values (84, 'Aluminum', 99.94);
insert into material_construcao (id, nome, valor) values (85, 'Rubber', 54.97);
insert into material_construcao (id, nome, valor) values (86, 'Vinyl', 943.24);
insert into material_construcao (id, nome, valor) values (87, 'Vinyl', 370.82);
insert into material_construcao (id, nome, valor) values (88, 'Rubber', 865.23);
insert into material_construcao (id, nome, valor) values (89, 'Plexiglass', 77.81);
insert into material_construcao (id, nome, valor) values (90, 'Vinyl', 332.14);
insert into material_construcao (id, nome, valor) values (91, 'Vinyl', 925.05);
insert into material_construcao (id, nome, valor) values (92, 'Vinyl', 837.88);
insert into material_construcao (id, nome, valor) values (93, 'Plexiglass', 545.79);
insert into material_construcao (id, nome, valor) values (94, 'Granite', 642.5);
insert into material_construcao (id, nome, valor) values (95, 'Brass', 741.61);
insert into material_construcao (id, nome, valor) values (96, 'Brass', 660.59);
insert into material_construcao (id, nome, valor) values (97, 'Steel', 425.74);
insert into material_construcao (id, nome, valor) values (98, 'Steel', 919.7);
insert into material_construcao (id, nome, valor) values (99, 'Glass', 402.06);
insert into material_construcao (id, nome, valor) values (100, 'Rubber', 734.57);
insert into material_construcao (id, nome, valor) values (101, 'Aluminum', 347.5);
insert into material_construcao (id, nome, valor) values (102, 'Wood', 670.9);
insert into material_construcao (id, nome, valor) values (103, 'Brass', 637.82);
insert into material_construcao (id, nome, valor) values (104, 'Glass', 817.26);
insert into material_construcao (id, nome, valor) values (105, 'Granite', 464.87);
insert into material_construcao (id, nome, valor) values (106, 'Plastic', 318.74);
insert into material_construcao (id, nome, valor) values (107, 'Wood', 7.35);
insert into material_construcao (id, nome, valor) values (108, 'Steel', 318.07);
insert into material_construcao (id, nome, valor) values (109, 'Wood', 996.45);
insert into material_construcao (id, nome, valor) values (110, 'Glass', 192.37);
insert into material_construcao (id, nome, valor) values (111, 'Plastic', 232.57);
insert into material_construcao (id, nome, valor) values (112, 'Rubber', 67.81);
insert into material_construcao (id, nome, valor) values (113, 'Wood', 605.21);
insert into material_construcao (id, nome, valor) values (114, 'Glass', 198.55);
insert into material_construcao (id, nome, valor) values (115, 'Wood', 426.51);
insert into material_construcao (id, nome, valor) values (116, 'Stone', 118.27);
insert into material_construcao (id, nome, valor) values (117, 'Rubber', 740.36);
insert into material_construcao (id, nome, valor) values (118, 'Granite', 760.8);
insert into material_construcao (id, nome, valor) values (119, 'Brass', 216.03);
insert into material_construcao (id, nome, valor) values (120, 'Steel', 527.74);
insert into material_construcao (id, nome, valor) values (121, 'Glass', 90.65);
insert into material_construcao (id, nome, valor) values (122, 'Aluminum', 848.96);
insert into material_construcao (id, nome, valor) values (123, 'Stone', 553.99);
insert into material_construcao (id, nome, valor) values (124, 'Stone', 406.99);
insert into material_construcao (id, nome, valor) values (125, 'Steel', 164.51);
insert into material_construcao (id, nome, valor) values (126, 'Rubber', 637.49);
insert into material_construcao (id, nome, valor) values (127, 'Vinyl', 393.16);
insert into material_construcao (id, nome, valor) values (128, 'Wood', 243.05);
insert into material_construcao (id, nome, valor) values (129, 'Rubber', 504.19);
insert into material_construcao (id, nome, valor) values (130, 'Rubber', 697.22);
insert into material_construcao (id, nome, valor) values (131, 'Plastic', 35.09);
insert into material_construcao (id, nome, valor) values (132, 'Wood', 198.7);
insert into material_construcao (id, nome, valor) values (133, 'Vinyl', 390.14);
insert into material_construcao (id, nome, valor) values (134, 'Rubber', 706.57);
insert into material_construcao (id, nome, valor) values (135, 'Aluminum', 150.51);
insert into material_construcao (id, nome, valor) values (136, 'Stone', 550.08);
insert into material_construcao (id, nome, valor) values (137, 'Stone', 569.91);
insert into material_construcao (id, nome, valor) values (138, 'Stone', 222.2);
insert into material_construcao (id, nome, valor) values (139, 'Plastic', 631.2);
insert into material_construcao (id, nome, valor) values (140, 'Plastic', 355.77);
insert into material_construcao (id, nome, valor) values (141, 'Steel', 902.7);
insert into material_construcao (id, nome, valor) values (142, 'Plexiglass', 749.0);
insert into material_construcao (id, nome, valor) values (143, 'Plastic', 277.03);
insert into material_construcao (id, nome, valor) values (144, 'Granite', 620.27);
insert into material_construcao (id, nome, valor) values (145, 'Granite', 558.17);
insert into material_construcao (id, nome, valor) values (146, 'Glass', 542.31);
insert into material_construcao (id, nome, valor) values (147, 'Plexiglass', 945.44);
insert into material_construcao (id, nome, valor) values (148, 'Stone', 868.76);
insert into material_construcao (id, nome, valor) values (149, 'Wood', 216.05);
insert into material_construcao (id, nome, valor) values (150, 'Plastic', 955.74);
insert into material_construcao (id, nome, valor) values (151, 'Plexiglass', 475.68);
insert into material_construcao (id, nome, valor) values (152, 'Plexiglass', 497.86);
insert into material_construcao (id, nome, valor) values (153, 'Steel', 182.09);
insert into material_construcao (id, nome, valor) values (154, 'Wood', 746.13);
insert into material_construcao (id, nome, valor) values (155, 'Stone', 129.84);
insert into material_construcao (id, nome, valor) values (156, 'Plastic', 987.07);
insert into material_construcao (id, nome, valor) values (157, 'Plexiglass', 82.68);
insert into material_construcao (id, nome, valor) values (158, 'Plastic', 137.03);
insert into material_construcao (id, nome, valor) values (159, 'Stone', 219.35);
insert into material_construcao (id, nome, valor) values (160, 'Wood', 897.04);
insert into material_construcao (id, nome, valor) values (161, 'Wood', 623.27);
insert into material_construcao (id, nome, valor) values (162, 'Rubber', 820.88);
insert into material_construcao (id, nome, valor) values (163, 'Rubber', 537.45);
insert into material_construcao (id, nome, valor) values (164, 'Vinyl', 802.42);
insert into material_construcao (id, nome, valor) values (165, 'Brass', 735.64);
insert into material_construcao (id, nome, valor) values (166, 'Vinyl', 133.75);
insert into material_construcao (id, nome, valor) values (167, 'Plexiglass', 732.54);
insert into material_construcao (id, nome, valor) values (168, 'Vinyl', 174.42);
insert into material_construcao (id, nome, valor) values (169, 'Wood', 342.05);
insert into material_construcao (id, nome, valor) values (170, 'Vinyl', 302.6);
insert into material_construcao (id, nome, valor) values (171, 'Brass', 683.64);
insert into material_construcao (id, nome, valor) values (172, 'Plastic', 434.57);
insert into material_construcao (id, nome, valor) values (173, 'Steel', 358.17);
insert into material_construcao (id, nome, valor) values (174, 'Wood', 178.94);
insert into material_construcao (id, nome, valor) values (175, 'Aluminum', 763.9);
insert into material_construcao (id, nome, valor) values (176, 'Wood', 123.5);
insert into material_construcao (id, nome, valor) values (177, 'Vinyl', 113.16);
insert into material_construcao (id, nome, valor) values (178, 'Glass', 828.36);
insert into material_construcao (id, nome, valor) values (179, 'Brass', 571.85);
insert into material_construcao (id, nome, valor) values (180, 'Plastic', 978.95);
insert into material_construcao (id, nome, valor) values (181, 'Brass', 388.96);
insert into material_construcao (id, nome, valor) values (182, 'Plexiglass', 419.84);
insert into material_construcao (id, nome, valor) values (183, 'Plexiglass', 225.47);
insert into material_construcao (id, nome, valor) values (184, 'Stone', 447.58);
insert into material_construcao (id, nome, valor) values (185, 'Granite', 935.58);
insert into material_construcao (id, nome, valor) values (186, 'Glass', 957.11);
insert into material_construcao (id, nome, valor) values (187, 'Aluminum', 811.24);
insert into material_construcao (id, nome, valor) values (188, 'Rubber', 745.1);
insert into material_construcao (id, nome, valor) values (189, 'Glass', 65.64);
insert into material_construcao (id, nome, valor) values (190, 'Wood', 81.29);
insert into material_construcao (id, nome, valor) values (191, 'Plastic', 570.15);
insert into material_construcao (id, nome, valor) values (192, 'Plexiglass', 795.78);
insert into material_construcao (id, nome, valor) values (193, 'Glass', 610.78);
insert into material_construcao (id, nome, valor) values (194, 'Aluminum', 124.4);
insert into material_construcao (id, nome, valor) values (195, 'Steel', 254.47);
insert into material_construcao (id, nome, valor) values (196, 'Wood', 766.57);
insert into material_construcao (id, nome, valor) values (197, 'Vinyl', 128.55);
insert into material_construcao (id, nome, valor) values (198, 'Aluminum', 267.37);
insert into material_construcao (id, nome, valor) values (199, 'Granite', 52.93);
insert into material_construcao (id, nome, valor) values (200, 'Granite', 879.98);
insert into material_construcao (id, nome, valor) values (201, 'Steel', 743.99);
insert into material_construcao (id, nome, valor) values (202, 'Steel', 100.63);
insert into material_construcao (id, nome, valor) values (203, 'Plexiglass', 15.31);
insert into material_construcao (id, nome, valor) values (204, 'Vinyl', 951.95);
insert into material_construcao (id, nome, valor) values (205, 'Granite', 666.36);
insert into material_construcao (id, nome, valor) values (206, 'Rubber', 407.22);
insert into material_construcao (id, nome, valor) values (207, 'Granite', 158.63);
insert into material_construcao (id, nome, valor) values (208, 'Rubber', 168.65);
insert into material_construcao (id, nome, valor) values (209, 'Aluminum', 620.23);
insert into material_construcao (id, nome, valor) values (210, 'Glass', 474.48);
insert into material_construcao (id, nome, valor) values (211, 'Brass', 334.75);
insert into material_construcao (id, nome, valor) values (212, 'Plexiglass', 827.06);
insert into material_construcao (id, nome, valor) values (213, 'Granite', 102.35);
insert into material_construcao (id, nome, valor) values (214, 'Rubber', 811.39);
insert into material_construcao (id, nome, valor) values (215, 'Plexiglass', 518.76);
insert into material_construcao (id, nome, valor) values (216, 'Steel', 625.93);
insert into material_construcao (id, nome, valor) values (217, 'Vinyl', 128.37);
insert into material_construcao (id, nome, valor) values (218, 'Rubber', 17.7);
insert into material_construcao (id, nome, valor) values (219, 'Plexiglass', 414.43);
insert into material_construcao (id, nome, valor) values (220, 'Steel', 6.77);
insert into material_construcao (id, nome, valor) values (221, 'Steel', 930.54);
insert into material_construcao (id, nome, valor) values (222, 'Wood', 85.75);
insert into material_construcao (id, nome, valor) values (223, 'Plastic', 973.38);
insert into material_construcao (id, nome, valor) values (224, 'Steel', 33.91);
insert into material_construcao (id, nome, valor) values (225, 'Vinyl', 240.3);
insert into material_construcao (id, nome, valor) values (226, 'Granite', 777.32);
insert into material_construcao (id, nome, valor) values (227, 'Glass', 904.7);
insert into material_construcao (id, nome, valor) values (228, 'Steel', 393.85);
insert into material_construcao (id, nome, valor) values (229, 'Granite', 809.49);
insert into material_construcao (id, nome, valor) values (230, 'Glass', 345.48);
insert into material_construcao (id, nome, valor) values (231, 'Stone', 225.82);
insert into material_construcao (id, nome, valor) values (232, 'Brass', 863.17);
insert into material_construcao (id, nome, valor) values (233, 'Plastic', 847.96);
insert into material_construcao (id, nome, valor) values (234, 'Plexiglass', 668.73);
insert into material_construcao (id, nome, valor) values (235, 'Stone', 913.45);
insert into material_construcao (id, nome, valor) values (236, 'Rubber', 455.64);
insert into material_construcao (id, nome, valor) values (237, 'Granite', 329.89);
insert into material_construcao (id, nome, valor) values (238, 'Vinyl', 637.79);
insert into material_construcao (id, nome, valor) values (239, 'Vinyl', 355.5);
insert into material_construcao (id, nome, valor) values (240, 'Vinyl', 969.45);
insert into material_construcao (id, nome, valor) values (241, 'Granite', 827.54);
insert into material_construcao (id, nome, valor) values (242, 'Granite', 711.99);
insert into material_construcao (id, nome, valor) values (243, 'Wood', 14.28);
insert into material_construcao (id, nome, valor) values (244, 'Rubber', 598.41);
insert into material_construcao (id, nome, valor) values (245, 'Rubber', 413.31);
insert into material_construcao (id, nome, valor) values (246, 'Granite', 515.03);
insert into material_construcao (id, nome, valor) values (247, 'Aluminum', 822.74);
insert into material_construcao (id, nome, valor) values (248, 'Brass', 74.18);
insert into material_construcao (id, nome, valor) values (249, 'Plastic', 457.04);
insert into material_construcao (id, nome, valor) values (250, 'Stone', 55.15);
insert into material_construcao (id, nome, valor) values (251, 'Steel', 573.23);
insert into material_construcao (id, nome, valor) values (252, 'Brass', 224.17);
insert into material_construcao (id, nome, valor) values (253, 'Aluminum', 380.48);
insert into material_construcao (id, nome, valor) values (254, 'Steel', 419.5);
insert into material_construcao (id, nome, valor) values (255, 'Glass', 71.74);
insert into material_construcao (id, nome, valor) values (256, 'Aluminum', 521.54);
insert into material_construcao (id, nome, valor) values (257, 'Rubber', 597.02);
insert into material_construcao (id, nome, valor) values (258, 'Rubber', 824.14);
insert into material_construcao (id, nome, valor) values (259, 'Granite', 848.68);
insert into material_construcao (id, nome, valor) values (260, 'Wood', 30.67);
insert into material_construcao (id, nome, valor) values (261, 'Steel', 893.0);
insert into material_construcao (id, nome, valor) values (262, 'Glass', 1.06);
insert into material_construcao (id, nome, valor) values (263, 'Brass', 435.74);
insert into material_construcao (id, nome, valor) values (264, 'Granite', 473.93);
insert into material_construcao (id, nome, valor) values (265, 'Rubber', 763.54);
insert into material_construcao (id, nome, valor) values (266, 'Glass', 834.56);
insert into material_construcao (id, nome, valor) values (267, 'Stone', 848.67);
insert into material_construcao (id, nome, valor) values (268, 'Plexiglass', 821.17);
insert into material_construcao (id, nome, valor) values (269, 'Vinyl', 207.75);
insert into material_construcao (id, nome, valor) values (270, 'Plexiglass', 775.08);
insert into material_construcao (id, nome, valor) values (271, 'Steel', 102.53);
insert into material_construcao (id, nome, valor) values (272, 'Stone', 329.15);
insert into material_construcao (id, nome, valor) values (273, 'Granite', 905.73);
insert into material_construcao (id, nome, valor) values (274, 'Aluminum', 51.58);
insert into material_construcao (id, nome, valor) values (275, 'Plexiglass', 508.63);
insert into material_construcao (id, nome, valor) values (276, 'Stone', 511.64);
insert into material_construcao (id, nome, valor) values (277, 'Steel', 88.47);
insert into material_construcao (id, nome, valor) values (278, 'Glass', 917.49);
insert into material_construcao (id, nome, valor) values (279, 'Aluminum', 625.32);
insert into material_construcao (id, nome, valor) values (280, 'Steel', 68.03);
insert into material_construcao (id, nome, valor) values (281, 'Plexiglass', 149.51);
insert into material_construcao (id, nome, valor) values (282, 'Steel', 565.27);
insert into material_construcao (id, nome, valor) values (283, 'Plexiglass', 188.04);
insert into material_construcao (id, nome, valor) values (284, 'Stone', 20.22);
insert into material_construcao (id, nome, valor) values (285, 'Plexiglass', 843.3);
insert into material_construcao (id, nome, valor) values (286, 'Granite', 817.21);
insert into material_construcao (id, nome, valor) values (287, 'Brass', 799.5);
insert into material_construcao (id, nome, valor) values (288, 'Plexiglass', 731.82);
insert into material_construcao (id, nome, valor) values (289, 'Granite', 38.66);
insert into material_construcao (id, nome, valor) values (290, 'Granite', 966.66);
insert into material_construcao (id, nome, valor) values (291, 'Brass', 735.09);
insert into material_construcao (id, nome, valor) values (292, 'Brass', 978.67);
insert into material_construcao (id, nome, valor) values (293, 'Plastic', 871.92);
insert into material_construcao (id, nome, valor) values (294, 'Rubber', 978.6);
insert into material_construcao (id, nome, valor) values (295, 'Stone', 772.87);
insert into material_construcao (id, nome, valor) values (296, 'Wood', 703.99);
insert into material_construcao (id, nome, valor) values (297, 'Plastic', 691.04);
insert into material_construcao (id, nome, valor) values (298, 'Glass', 835.25);
insert into material_construcao (id, nome, valor) values (299, 'Plastic', 962.42);
insert into material_construcao (id, nome, valor) values (300, 'Stone', 133.86);
insert into material_construcao (id, nome, valor) values (301, 'Brass', 467.42);
insert into material_construcao (id, nome, valor) values (302, 'Vinyl', 979.97);
insert into material_construcao (id, nome, valor) values (303, 'Aluminum', 844.24);
insert into material_construcao (id, nome, valor) values (304, 'Aluminum', 409.53);
insert into material_construcao (id, nome, valor) values (305, 'Glass', 487.18);
insert into material_construcao (id, nome, valor) values (306, 'Plastic', 123.25);
insert into material_construcao (id, nome, valor) values (307, 'Aluminum', 229.89);
insert into material_construcao (id, nome, valor) values (308, 'Vinyl', 146.48);
insert into material_construcao (id, nome, valor) values (309, 'Stone', 442.3);
insert into material_construcao (id, nome, valor) values (310, 'Stone', 853.86);
insert into material_construcao (id, nome, valor) values (311, 'Rubber', 653.96);
insert into material_construcao (id, nome, valor) values (312, 'Vinyl', 888.53);
insert into material_construcao (id, nome, valor) values (313, 'Brass', 163.47);
insert into material_construcao (id, nome, valor) values (314, 'Vinyl', 997.32);
insert into material_construcao (id, nome, valor) values (315, 'Wood', 721.86);
insert into material_construcao (id, nome, valor) values (316, 'Steel', 586.55);
insert into material_construcao (id, nome, valor) values (317, 'Glass', 548.93);
insert into material_construcao (id, nome, valor) values (318, 'Wood', 490.59);
insert into material_construcao (id, nome, valor) values (319, 'Stone', 150.81);
insert into material_construcao (id, nome, valor) values (320, 'Rubber', 808.71);
insert into material_construcao (id, nome, valor) values (321, 'Brass', 157.49);
insert into material_construcao (id, nome, valor) values (322, 'Glass', 747.08);
insert into material_construcao (id, nome, valor) values (323, 'Steel', 883.47);
insert into material_construcao (id, nome, valor) values (324, 'Plastic', 528.54);
insert into material_construcao (id, nome, valor) values (325, 'Granite', 285.35);
insert into material_construcao (id, nome, valor) values (326, 'Rubber', 232.44);
insert into material_construcao (id, nome, valor) values (327, 'Brass', 297.56);
insert into material_construcao (id, nome, valor) values (328, 'Steel', 426.92);
insert into material_construcao (id, nome, valor) values (329, 'Steel', 975.05);
insert into material_construcao (id, nome, valor) values (330, 'Steel', 822.84);
insert into material_construcao (id, nome, valor) values (331, 'Granite', 414.43);
insert into material_construcao (id, nome, valor) values (332, 'Plexiglass', 870.24);
insert into material_construcao (id, nome, valor) values (333, 'Aluminum', 663.76);
insert into material_construcao (id, nome, valor) values (334, 'Aluminum', 215.0);
insert into material_construcao (id, nome, valor) values (335, 'Stone', 94.62);
insert into material_construcao (id, nome, valor) values (336, 'Brass', 386.68);
insert into material_construcao (id, nome, valor) values (337, 'Granite', 797.74);
insert into material_construcao (id, nome, valor) values (338, 'Wood', 795.78);
insert into material_construcao (id, nome, valor) values (339, 'Stone', 431.14);
insert into material_construcao (id, nome, valor) values (340, 'Granite', 242.24);
insert into material_construcao (id, nome, valor) values (341, 'Stone', 773.09);
insert into material_construcao (id, nome, valor) values (342, 'Steel', 522.76);
insert into material_construcao (id, nome, valor) values (343, 'Steel', 502.08);
insert into material_construcao (id, nome, valor) values (344, 'Vinyl', 374.68);
insert into material_construcao (id, nome, valor) values (345, 'Granite', 155.86);
insert into material_construcao (id, nome, valor) values (346, 'Glass', 25.45);
insert into material_construcao (id, nome, valor) values (347, 'Stone', 664.13);
insert into material_construcao (id, nome, valor) values (348, 'Wood', 365.23);
insert into material_construcao (id, nome, valor) values (349, 'Steel', 743.12);
insert into material_construcao (id, nome, valor) values (350, 'Rubber', 944.13);
insert into material_construcao (id, nome, valor) values (351, 'Rubber', 19.95);
insert into material_construcao (id, nome, valor) values (352, 'Wood', 120.35);
insert into material_construcao (id, nome, valor) values (353, 'Brass', 61.98);
insert into material_construcao (id, nome, valor) values (354, 'Aluminum', 547.46);
insert into material_construcao (id, nome, valor) values (355, 'Steel', 811.91);
insert into material_construcao (id, nome, valor) values (356, 'Rubber', 405.01);
insert into material_construcao (id, nome, valor) values (357, 'Brass', 333.29);
insert into material_construcao (id, nome, valor) values (358, 'Brass', 654.55);
insert into material_construcao (id, nome, valor) values (359, 'Rubber', 23.81);
insert into material_construcao (id, nome, valor) values (360, 'Aluminum', 183.77);
insert into material_construcao (id, nome, valor) values (361, 'Vinyl', 111.07);
insert into material_construcao (id, nome, valor) values (362, 'Rubber', 243.5);
insert into material_construcao (id, nome, valor) values (363, 'Vinyl', 537.3);
insert into material_construcao (id, nome, valor) values (364, 'Vinyl', 147.22);
insert into material_construcao (id, nome, valor) values (365, 'Glass', 423.47);
insert into material_construcao (id, nome, valor) values (366, 'Vinyl', 394.43);
insert into material_construcao (id, nome, valor) values (367, 'Rubber', 334.86);
insert into material_construcao (id, nome, valor) values (368, 'Plastic', 464.12);
insert into material_construcao (id, nome, valor) values (369, 'Aluminum', 934.09);
insert into material_construcao (id, nome, valor) values (370, 'Brass', 436.56);
insert into material_construcao (id, nome, valor) values (371, 'Steel', 898.45);
insert into material_construcao (id, nome, valor) values (372, 'Plexiglass', 866.19);
insert into material_construcao (id, nome, valor) values (373, 'Brass', 819.68);
insert into material_construcao (id, nome, valor) values (374, 'Rubber', 13.36);
insert into material_construcao (id, nome, valor) values (375, 'Aluminum', 965.5);
insert into material_construcao (id, nome, valor) values (376, 'Plastic', 589.54);
insert into material_construcao (id, nome, valor) values (377, 'Glass', 84.58);
insert into material_construcao (id, nome, valor) values (378, 'Plexiglass', 884.02);
insert into material_construcao (id, nome, valor) values (379, 'Rubber', 753.0);
insert into material_construcao (id, nome, valor) values (380, 'Granite', 647.86);
insert into material_construcao (id, nome, valor) values (381, 'Steel', 799.64);
insert into material_construcao (id, nome, valor) values (382, 'Plexiglass', 164.7);
insert into material_construcao (id, nome, valor) values (383, 'Granite', 878.52);
insert into material_construcao (id, nome, valor) values (384, 'Plastic', 385.21);
insert into material_construcao (id, nome, valor) values (385, 'Steel', 848.8);
insert into material_construcao (id, nome, valor) values (386, 'Glass', 440.0);
insert into material_construcao (id, nome, valor) values (387, 'Granite', 27.64);
insert into material_construcao (id, nome, valor) values (388, 'Vinyl', 952.0);
insert into material_construcao (id, nome, valor) values (389, 'Brass', 586.1);
insert into material_construcao (id, nome, valor) values (390, 'Brass', 55.65);
insert into material_construcao (id, nome, valor) values (391, 'Aluminum', 800.2);
insert into material_construcao (id, nome, valor) values (392, 'Plastic', 680.62);
insert into material_construcao (id, nome, valor) values (393, 'Granite', 55.43);
insert into material_construcao (id, nome, valor) values (394, 'Steel', 757.9);
insert into material_construcao (id, nome, valor) values (395, 'Rubber', 67.32);
insert into material_construcao (id, nome, valor) values (396, 'Glass', 474.21);
insert into material_construcao (id, nome, valor) values (397, 'Plexiglass', 369.33);
insert into material_construcao (id, nome, valor) values (398, 'Aluminum', 531.6);
insert into material_construcao (id, nome, valor) values (399, 'Rubber', 687.42);
insert into material_construcao (id, nome, valor) values (400, 'Granite', 213.24);
insert into material_construcao (id, nome, valor) values (401, 'Brass', 854.42);
insert into material_construcao (id, nome, valor) values (402, 'Plastic', 803.3);
insert into material_construcao (id, nome, valor) values (403, 'Wood', 343.48);
insert into material_construcao (id, nome, valor) values (404, 'Steel', 248.69);
insert into material_construcao (id, nome, valor) values (405, 'Vinyl', 186.23);
insert into material_construcao (id, nome, valor) values (406, 'Wood', 347.21);
insert into material_construcao (id, nome, valor) values (407, 'Plastic', 743.56);
insert into material_construcao (id, nome, valor) values (408, 'Vinyl', 539.57);
insert into material_construcao (id, nome, valor) values (409, 'Rubber', 368.35);
insert into material_construcao (id, nome, valor) values (410, 'Stone', 859.65);
insert into material_construcao (id, nome, valor) values (411, 'Granite', 172.92);
insert into material_construcao (id, nome, valor) values (412, 'Plexiglass', 686.38);
insert into material_construcao (id, nome, valor) values (413, 'Brass', 398.27);
insert into material_construcao (id, nome, valor) values (414, 'Plexiglass', 907.73);
insert into material_construcao (id, nome, valor) values (415, 'Steel', 188.98);
insert into material_construcao (id, nome, valor) values (416, 'Brass', 657.54);
insert into material_construcao (id, nome, valor) values (417, 'Wood', 25.79);
insert into material_construcao (id, nome, valor) values (418, 'Rubber', 205.95);
insert into material_construcao (id, nome, valor) values (419, 'Vinyl', 794.05);
insert into material_construcao (id, nome, valor) values (420, 'Rubber', 35.75);
insert into material_construcao (id, nome, valor) values (421, 'Wood', 88.59);
insert into material_construcao (id, nome, valor) values (422, 'Glass', 939.28);
insert into material_construcao (id, nome, valor) values (423, 'Vinyl', 754.52);
insert into material_construcao (id, nome, valor) values (424, 'Plexiglass', 996.23);
insert into material_construcao (id, nome, valor) values (425, 'Stone', 640.43);
insert into material_construcao (id, nome, valor) values (426, 'Rubber', 412.05);
insert into material_construcao (id, nome, valor) values (427, 'Stone', 219.7);
insert into material_construcao (id, nome, valor) values (428, 'Granite', 701.83);
insert into material_construcao (id, nome, valor) values (429, 'Steel', 48.5);
insert into material_construcao (id, nome, valor) values (430, 'Brass', 376.72);
insert into material_construcao (id, nome, valor) values (431, 'Steel', 294.54);
insert into material_construcao (id, nome, valor) values (432, 'Plastic', 337.93);
insert into material_construcao (id, nome, valor) values (433, 'Wood', 249.43);
insert into material_construcao (id, nome, valor) values (434, 'Steel', 340.09);
insert into material_construcao (id, nome, valor) values (435, 'Rubber', 304.14);
insert into material_construcao (id, nome, valor) values (436, 'Vinyl', 685.47);
insert into material_construcao (id, nome, valor) values (437, 'Plexiglass', 604.26);
insert into material_construcao (id, nome, valor) values (438, 'Plexiglass', 743.27);
insert into material_construcao (id, nome, valor) values (439, 'Rubber', 502.01);
insert into material_construcao (id, nome, valor) values (440, 'Glass', 248.03);
insert into material_construcao (id, nome, valor) values (441, 'Rubber', 816.39);
insert into material_construcao (id, nome, valor) values (442, 'Stone', 300.81);
insert into material_construcao (id, nome, valor) values (443, 'Rubber', 884.28);
insert into material_construcao (id, nome, valor) values (444, 'Steel', 889.06);
insert into material_construcao (id, nome, valor) values (445, 'Glass', 984.63);
insert into material_construcao (id, nome, valor) values (446, 'Brass', 205.57);
insert into material_construcao (id, nome, valor) values (447, 'Stone', 906.37);
insert into material_construcao (id, nome, valor) values (448, 'Plexiglass', 316.9);
insert into material_construcao (id, nome, valor) values (449, 'Wood', 674.47);
insert into material_construcao (id, nome, valor) values (450, 'Brass', 69.68);
insert into material_construcao (id, nome, valor) values (451, 'Steel', 710.7);
insert into material_construcao (id, nome, valor) values (452, 'Wood', 945.49);
insert into material_construcao (id, nome, valor) values (453, 'Stone', 337.95);
insert into material_construcao (id, nome, valor) values (454, 'Vinyl', 255.81);
insert into material_construcao (id, nome, valor) values (455, 'Plexiglass', 568.36);
insert into material_construcao (id, nome, valor) values (456, 'Vinyl', 558.09);
insert into material_construcao (id, nome, valor) values (457, 'Rubber', 762.33);
insert into material_construcao (id, nome, valor) values (458, 'Aluminum', 799.97);
insert into material_construcao (id, nome, valor) values (459, 'Plexiglass', 136.26);
insert into material_construcao (id, nome, valor) values (460, 'Rubber', 112.9);
insert into material_construcao (id, nome, valor) values (461, 'Wood', 250.42);
insert into material_construcao (id, nome, valor) values (462, 'Stone', 981.02);
insert into material_construcao (id, nome, valor) values (463, 'Plastic', 500.63);
insert into material_construcao (id, nome, valor) values (464, 'Vinyl', 210.8);
insert into material_construcao (id, nome, valor) values (465, 'Steel', 486.75);
insert into material_construcao (id, nome, valor) values (466, 'Stone', 854.2);
insert into material_construcao (id, nome, valor) values (467, 'Granite', 842.5);
insert into material_construcao (id, nome, valor) values (468, 'Plexiglass', 253.35);
insert into material_construcao (id, nome, valor) values (469, 'Plexiglass', 77.46);
insert into material_construcao (id, nome, valor) values (470, 'Granite', 731.11);
insert into material_construcao (id, nome, valor) values (471, 'Plastic', 667.25);
insert into material_construcao (id, nome, valor) values (472, 'Stone', 305.84);
insert into material_construcao (id, nome, valor) values (473, 'Wood', 750.64);
insert into material_construcao (id, nome, valor) values (474, 'Plexiglass', 319.07);
insert into material_construcao (id, nome, valor) values (475, 'Vinyl', 493.73);
insert into material_construcao (id, nome, valor) values (476, 'Granite', 170.22);
insert into material_construcao (id, nome, valor) values (477, 'Plexiglass', 335.26);
insert into material_construcao (id, nome, valor) values (478, 'Vinyl', 686.38);
insert into material_construcao (id, nome, valor) values (479, 'Vinyl', 91.67);
insert into material_construcao (id, nome, valor) values (480, 'Glass', 743.49);
insert into material_construcao (id, nome, valor) values (481, 'Stone', 472.39);
insert into material_construcao (id, nome, valor) values (482, 'Vinyl', 48.49);
insert into material_construcao (id, nome, valor) values (483, 'Wood', 704.92);
insert into material_construcao (id, nome, valor) values (484, 'Brass', 997.01);
insert into material_construcao (id, nome, valor) values (485, 'Plexiglass', 172.3);
insert into material_construcao (id, nome, valor) values (486, 'Granite', 278.6);
insert into material_construcao (id, nome, valor) values (487, 'Glass', 6.53);
insert into material_construcao (id, nome, valor) values (488, 'Aluminum', 336.4);
insert into material_construcao (id, nome, valor) values (489, 'Granite', 541.67);
insert into material_construcao (id, nome, valor) values (490, 'Plastic', 409.25);
insert into material_construcao (id, nome, valor) values (491, 'Aluminum', 553.0);
insert into material_construcao (id, nome, valor) values (492, 'Plexiglass', 310.33);
insert into material_construcao (id, nome, valor) values (493, 'Plastic', 965.65);
insert into material_construcao (id, nome, valor) values (494, 'Aluminum', 620.08);
insert into material_construcao (id, nome, valor) values (495, 'Glass', 111.25);
insert into material_construcao (id, nome, valor) values (496, 'Glass', 200.36);
insert into material_construcao (id, nome, valor) values (497, 'Plexiglass', 910.95);
insert into material_construcao (id, nome, valor) values (498, 'Plexiglass', 832.74);
insert into material_construcao (id, nome, valor) values (499, 'Brass', 803.49);
insert into material_construcao (id, nome, valor) values (500, 'Stone', 79.72);
insert into material_construcao (id, nome, valor) values (501, 'Aluminum', 161.12);
insert into material_construcao (id, nome, valor) values (502, 'Aluminum', 475.8);
insert into material_construcao (id, nome, valor) values (503, 'Glass', 721.68);
insert into material_construcao (id, nome, valor) values (504, 'Glass', 303.58);
insert into material_construcao (id, nome, valor) values (505, 'Stone', 307.61);
insert into material_construcao (id, nome, valor) values (506, 'Glass', 418.17);
insert into material_construcao (id, nome, valor) values (507, 'Granite', 349.06);
insert into material_construcao (id, nome, valor) values (508, 'Stone', 558.76);
insert into material_construcao (id, nome, valor) values (509, 'Aluminum', 134.72);
insert into material_construcao (id, nome, valor) values (510, 'Granite', 140.62);
insert into material_construcao (id, nome, valor) values (511, 'Wood', 393.55);
insert into material_construcao (id, nome, valor) values (512, 'Granite', 973.08);
insert into material_construcao (id, nome, valor) values (513, 'Rubber', 449.02);
insert into material_construcao (id, nome, valor) values (514, 'Vinyl', 541.77);
insert into material_construcao (id, nome, valor) values (515, 'Stone', 103.44);
insert into material_construcao (id, nome, valor) values (516, 'Plastic', 696.36);
insert into material_construcao (id, nome, valor) values (517, 'Plexiglass', 872.72);
insert into material_construcao (id, nome, valor) values (518, 'Plastic', 164.97);
insert into material_construcao (id, nome, valor) values (519, 'Granite', 980.08);
insert into material_construcao (id, nome, valor) values (520, 'Plastic', 240.72);
insert into material_construcao (id, nome, valor) values (521, 'Wood', 470.88);
insert into material_construcao (id, nome, valor) values (522, 'Brass', 955.2);
insert into material_construcao (id, nome, valor) values (523, 'Granite', 34.46);
insert into material_construcao (id, nome, valor) values (524, 'Glass', 223.87);
insert into material_construcao (id, nome, valor) values (525, 'Vinyl', 459.11);
insert into material_construcao (id, nome, valor) values (526, 'Vinyl', 636.44);
insert into material_construcao (id, nome, valor) values (527, 'Rubber', 512.24);
insert into material_construcao (id, nome, valor) values (528, 'Granite', 675.45);
insert into material_construcao (id, nome, valor) values (529, 'Rubber', 551.34);
insert into material_construcao (id, nome, valor) values (530, 'Rubber', 673.59);
insert into material_construcao (id, nome, valor) values (531, 'Steel', 436.7);
insert into material_construcao (id, nome, valor) values (532, 'Glass', 244.66);
insert into material_construcao (id, nome, valor) values (533, 'Plexiglass', 756.62);
insert into material_construcao (id, nome, valor) values (534, 'Brass', 680.85);
insert into material_construcao (id, nome, valor) values (535, 'Plexiglass', 137.0);
insert into material_construcao (id, nome, valor) values (536, 'Vinyl', 655.63);
insert into material_construcao (id, nome, valor) values (537, 'Plastic', 213.76);
insert into material_construcao (id, nome, valor) values (538, 'Aluminum', 705.7);
insert into material_construcao (id, nome, valor) values (539, 'Brass', 617.14);
insert into material_construcao (id, nome, valor) values (540, 'Rubber', 92.19);
insert into material_construcao (id, nome, valor) values (541, 'Stone', 700.27);
insert into material_construcao (id, nome, valor) values (542, 'Plastic', 901.04);
insert into material_construcao (id, nome, valor) values (543, 'Stone', 650.46);
insert into material_construcao (id, nome, valor) values (544, 'Steel', 719.03);
insert into material_construcao (id, nome, valor) values (545, 'Vinyl', 566.46);
insert into material_construcao (id, nome, valor) values (546, 'Steel', 850.75);
insert into material_construcao (id, nome, valor) values (547, 'Wood', 612.0);
insert into material_construcao (id, nome, valor) values (548, 'Steel', 605.71);
insert into material_construcao (id, nome, valor) values (549, 'Steel', 930.94);
insert into material_construcao (id, nome, valor) values (550, 'Glass', 962.7);
insert into material_construcao (id, nome, valor) values (551, 'Vinyl', 638.91);
insert into material_construcao (id, nome, valor) values (552, 'Rubber', 230.94);
insert into material_construcao (id, nome, valor) values (553, 'Glass', 883.98);
insert into material_construcao (id, nome, valor) values (554, 'Glass', 788.19);
insert into material_construcao (id, nome, valor) values (555, 'Rubber', 399.53);
insert into material_construcao (id, nome, valor) values (556, 'Rubber', 833.85);
insert into material_construcao (id, nome, valor) values (557, 'Steel', 997.03);
insert into material_construcao (id, nome, valor) values (558, 'Rubber', 563.14);
insert into material_construcao (id, nome, valor) values (559, 'Glass', 923.75);
insert into material_construcao (id, nome, valor) values (560, 'Stone', 528.72);
insert into material_construcao (id, nome, valor) values (561, 'Brass', 32.86);
insert into material_construcao (id, nome, valor) values (562, 'Brass', 540.09);
insert into material_construcao (id, nome, valor) values (563, 'Wood', 932.5);
insert into material_construcao (id, nome, valor) values (564, 'Stone', 509.42);
insert into material_construcao (id, nome, valor) values (565, 'Steel', 508.45);
insert into material_construcao (id, nome, valor) values (566, 'Granite', 292.17);
insert into material_construcao (id, nome, valor) values (567, 'Plastic', 408.26);
insert into material_construcao (id, nome, valor) values (568, 'Steel', 986.72);
insert into material_construcao (id, nome, valor) values (569, 'Brass', 128.92);
insert into material_construcao (id, nome, valor) values (570, 'Plexiglass', 113.7);
insert into material_construcao (id, nome, valor) values (571, 'Glass', 842.39);
insert into material_construcao (id, nome, valor) values (572, 'Plexiglass', 855.44);
insert into material_construcao (id, nome, valor) values (573, 'Steel', 727.72);
insert into material_construcao (id, nome, valor) values (574, 'Wood', 382.06);
insert into material_construcao (id, nome, valor) values (575, 'Granite', 316.8);
insert into material_construcao (id, nome, valor) values (576, 'Rubber', 755.77);
insert into material_construcao (id, nome, valor) values (577, 'Brass', 401.06);
insert into material_construcao (id, nome, valor) values (578, 'Stone', 559.3);
insert into material_construcao (id, nome, valor) values (579, 'Steel', 300.21);
insert into material_construcao (id, nome, valor) values (580, 'Wood', 259.13);
insert into material_construcao (id, nome, valor) values (581, 'Vinyl', 321.27);
insert into material_construcao (id, nome, valor) values (582, 'Plexiglass', 471.88);
insert into material_construcao (id, nome, valor) values (583, 'Glass', 62.69);
insert into material_construcao (id, nome, valor) values (584, 'Aluminum', 795.63);
insert into material_construcao (id, nome, valor) values (585, 'Granite', 475.01);
insert into material_construcao (id, nome, valor) values (586, 'Vinyl', 518.15);
insert into material_construcao (id, nome, valor) values (587, 'Wood', 912.52);
insert into material_construcao (id, nome, valor) values (588, 'Plexiglass', 491.64);
insert into material_construcao (id, nome, valor) values (589, 'Vinyl', 444.27);
insert into material_construcao (id, nome, valor) values (590, 'Brass', 367.42);
insert into material_construcao (id, nome, valor) values (591, 'Granite', 365.42);
insert into material_construcao (id, nome, valor) values (592, 'Glass', 377.78);
insert into material_construcao (id, nome, valor) values (593, 'Rubber', 207.1);
insert into material_construcao (id, nome, valor) values (594, 'Vinyl', 255.48);
insert into material_construcao (id, nome, valor) values (595, 'Plexiglass', 567.83);
insert into material_construcao (id, nome, valor) values (596, 'Vinyl', 970.7);
insert into material_construcao (id, nome, valor) values (597, 'Steel', 504.94);
insert into material_construcao (id, nome, valor) values (598, 'Vinyl', 935.69);
insert into material_construcao (id, nome, valor) values (599, 'Stone', 976.36);
insert into material_construcao (id, nome, valor) values (600, 'Wood', 124.5);
insert into material_construcao (id, nome, valor) values (601, 'Wood', 351.31);
insert into material_construcao (id, nome, valor) values (602, 'Plexiglass', 224.38);
insert into material_construcao (id, nome, valor) values (603, 'Plexiglass', 456.77);
insert into material_construcao (id, nome, valor) values (604, 'Brass', 836.09);
insert into material_construcao (id, nome, valor) values (605, 'Brass', 609.53);
insert into material_construcao (id, nome, valor) values (606, 'Steel', 288.5);
insert into material_construcao (id, nome, valor) values (607, 'Vinyl', 627.66);
insert into material_construcao (id, nome, valor) values (608, 'Rubber', 124.21);
insert into material_construcao (id, nome, valor) values (609, 'Rubber', 144.93);
insert into material_construcao (id, nome, valor) values (610, 'Aluminum', 212.58);
insert into material_construcao (id, nome, valor) values (611, 'Steel', 61.49);
insert into material_construcao (id, nome, valor) values (612, 'Rubber', 756.96);
insert into material_construcao (id, nome, valor) values (613, 'Plexiglass', 740.55);
insert into material_construcao (id, nome, valor) values (614, 'Granite', 962.62);
insert into material_construcao (id, nome, valor) values (615, 'Wood', 534.49);
insert into material_construcao (id, nome, valor) values (616, 'Glass', 405.99);
insert into material_construcao (id, nome, valor) values (617, 'Granite', 138.29);
insert into material_construcao (id, nome, valor) values (618, 'Wood', 994.39);
insert into material_construcao (id, nome, valor) values (619, 'Stone', 363.42);
insert into material_construcao (id, nome, valor) values (620, 'Aluminum', 205.72);
insert into material_construcao (id, nome, valor) values (621, 'Brass', 978.58);
insert into material_construcao (id, nome, valor) values (622, 'Steel', 514.61);
insert into material_construcao (id, nome, valor) values (623, 'Plexiglass', 781.16);
insert into material_construcao (id, nome, valor) values (624, 'Vinyl', 976.32);
insert into material_construcao (id, nome, valor) values (625, 'Rubber', 70.75);
insert into material_construcao (id, nome, valor) values (626, 'Aluminum', 786.67);
insert into material_construcao (id, nome, valor) values (627, 'Vinyl', 90.85);
insert into material_construcao (id, nome, valor) values (628, 'Granite', 540.27);
insert into material_construcao (id, nome, valor) values (629, 'Stone', 462.57);
insert into material_construcao (id, nome, valor) values (630, 'Plexiglass', 517.8);
insert into material_construcao (id, nome, valor) values (631, 'Glass', 926.73);
insert into material_construcao (id, nome, valor) values (632, 'Aluminum', 870.27);
insert into material_construcao (id, nome, valor) values (633, 'Vinyl', 757.22);
insert into material_construcao (id, nome, valor) values (634, 'Plexiglass', 845.0);
insert into material_construcao (id, nome, valor) values (635, 'Brass', 309.0);
insert into material_construcao (id, nome, valor) values (636, 'Brass', 897.88);
insert into material_construcao (id, nome, valor) values (637, 'Glass', 879.29);
insert into material_construcao (id, nome, valor) values (638, 'Stone', 456.75);
insert into material_construcao (id, nome, valor) values (639, 'Aluminum', 620.76);
insert into material_construcao (id, nome, valor) values (640, 'Steel', 814.37);
insert into material_construcao (id, nome, valor) values (641, 'Rubber', 103.5);
insert into material_construcao (id, nome, valor) values (642, 'Brass', 614.75);
insert into material_construcao (id, nome, valor) values (643, 'Aluminum', 46.86);
insert into material_construcao (id, nome, valor) values (644, 'Plastic', 374.95);
insert into material_construcao (id, nome, valor) values (645, 'Granite', 491.03);
insert into material_construcao (id, nome, valor) values (646, 'Aluminum', 639.9);
insert into material_construcao (id, nome, valor) values (647, 'Rubber', 58.43);
insert into material_construcao (id, nome, valor) values (648, 'Aluminum', 717.77);
insert into material_construcao (id, nome, valor) values (649, 'Stone', 724.64);
insert into material_construcao (id, nome, valor) values (650, 'Glass', 949.8);
insert into material_construcao (id, nome, valor) values (651, 'Plastic', 878.58);
insert into material_construcao (id, nome, valor) values (652, 'Plastic', 781.62);
insert into material_construcao (id, nome, valor) values (653, 'Plastic', 468.57);
insert into material_construcao (id, nome, valor) values (654, 'Aluminum', 448.47);
insert into material_construcao (id, nome, valor) values (655, 'Steel', 268.57);
insert into material_construcao (id, nome, valor) values (656, 'Plexiglass', 501.79);
insert into material_construcao (id, nome, valor) values (657, 'Plexiglass', 691.57);
insert into material_construcao (id, nome, valor) values (658, 'Stone', 972.75);
insert into material_construcao (id, nome, valor) values (659, 'Glass', 595.55);
insert into material_construcao (id, nome, valor) values (660, 'Granite', 106.8);
insert into material_construcao (id, nome, valor) values (661, 'Glass', 743.24);
insert into material_construcao (id, nome, valor) values (662, 'Brass', 393.48);
insert into material_construcao (id, nome, valor) values (663, 'Rubber', 414.98);
insert into material_construcao (id, nome, valor) values (664, 'Brass', 598.97);
insert into material_construcao (id, nome, valor) values (665, 'Plastic', 13.14);
insert into material_construcao (id, nome, valor) values (666, 'Wood', 870.36);
insert into material_construcao (id, nome, valor) values (667, 'Plexiglass', 346.89);
insert into material_construcao (id, nome, valor) values (668, 'Steel', 726.8);
insert into material_construcao (id, nome, valor) values (669, 'Plexiglass', 761.23);
insert into material_construcao (id, nome, valor) values (670, 'Aluminum', 11.38);
insert into material_construcao (id, nome, valor) values (671, 'Wood', 642.14);
insert into material_construcao (id, nome, valor) values (672, 'Vinyl', 891.16);
insert into material_construcao (id, nome, valor) values (673, 'Glass', 479.3);
insert into material_construcao (id, nome, valor) values (674, 'Wood', 168.84);
insert into material_construcao (id, nome, valor) values (675, 'Granite', 84.38);
insert into material_construcao (id, nome, valor) values (676, 'Glass', 352.57);
insert into material_construcao (id, nome, valor) values (677, 'Plastic', 830.43);
insert into material_construcao (id, nome, valor) values (678, 'Rubber', 336.38);
insert into material_construcao (id, nome, valor) values (679, 'Granite', 69.41);
insert into material_construcao (id, nome, valor) values (680, 'Glass', 243.77);
insert into material_construcao (id, nome, valor) values (681, 'Steel', 192.92);
insert into material_construcao (id, nome, valor) values (682, 'Aluminum', 679.89);
insert into material_construcao (id, nome, valor) values (683, 'Plastic', 678.13);
insert into material_construcao (id, nome, valor) values (684, 'Glass', 569.65);
insert into material_construcao (id, nome, valor) values (685, 'Rubber', 440.25);
insert into material_construcao (id, nome, valor) values (686, 'Brass', 815.21);
insert into material_construcao (id, nome, valor) values (687, 'Plastic', 659.3);
insert into material_construcao (id, nome, valor) values (688, 'Vinyl', 233.12);
insert into material_construcao (id, nome, valor) values (689, 'Aluminum', 708.05);
insert into material_construcao (id, nome, valor) values (690, 'Plastic', 557.76);
insert into material_construcao (id, nome, valor) values (691, 'Rubber', 450.7);
insert into material_construcao (id, nome, valor) values (692, 'Steel', 433.66);
insert into material_construcao (id, nome, valor) values (693, 'Wood', 640.02);
insert into material_construcao (id, nome, valor) values (694, 'Plexiglass', 190.83);
insert into material_construcao (id, nome, valor) values (695, 'Plastic', 576.52);
insert into material_construcao (id, nome, valor) values (696, 'Steel', 741.62);
insert into material_construcao (id, nome, valor) values (697, 'Rubber', 510.83);
insert into material_construcao (id, nome, valor) values (698, 'Plastic', 873.33);
insert into material_construcao (id, nome, valor) values (699, 'Steel', 73.52);
insert into material_construcao (id, nome, valor) values (700, 'Rubber', 587.57);
insert into material_construcao (id, nome, valor) values (701, 'Wood', 625.14);
insert into material_construcao (id, nome, valor) values (702, 'Rubber', 526.3);
insert into material_construcao (id, nome, valor) values (703, 'Plastic', 232.13);
insert into material_construcao (id, nome, valor) values (704, 'Rubber', 333.34);
insert into material_construcao (id, nome, valor) values (705, 'Plastic', 980.85);
insert into material_construcao (id, nome, valor) values (706, 'Plexiglass', 176.33);
insert into material_construcao (id, nome, valor) values (707, 'Plastic', 590.86);
insert into material_construcao (id, nome, valor) values (708, 'Plexiglass', 72.95);
insert into material_construcao (id, nome, valor) values (709, 'Wood', 862.95);
insert into material_construcao (id, nome, valor) values (710, 'Brass', 872.44);
insert into material_construcao (id, nome, valor) values (711, 'Glass', 8.12);
insert into material_construcao (id, nome, valor) values (712, 'Steel', 754.79);
insert into material_construcao (id, nome, valor) values (713, 'Vinyl', 95.74);
insert into material_construcao (id, nome, valor) values (714, 'Rubber', 178.28);
insert into material_construcao (id, nome, valor) values (715, 'Brass', 539.52);
insert into material_construcao (id, nome, valor) values (716, 'Aluminum', 538.49);
insert into material_construcao (id, nome, valor) values (717, 'Stone', 78.0);
insert into material_construcao (id, nome, valor) values (718, 'Aluminum', 481.66);
insert into material_construcao (id, nome, valor) values (719, 'Glass', 387.38);
insert into material_construcao (id, nome, valor) values (720, 'Stone', 922.98);
insert into material_construcao (id, nome, valor) values (721, 'Wood', 4.2);
insert into material_construcao (id, nome, valor) values (722, 'Aluminum', 23.01);
insert into material_construcao (id, nome, valor) values (723, 'Plastic', 589.61);
insert into material_construcao (id, nome, valor) values (724, 'Glass', 394.17);
insert into material_construcao (id, nome, valor) values (725, 'Plexiglass', 82.56);
insert into material_construcao (id, nome, valor) values (726, 'Granite', 907.95);
insert into material_construcao (id, nome, valor) values (727, 'Brass', 457.49);
insert into material_construcao (id, nome, valor) values (728, 'Wood', 260.39);
insert into material_construcao (id, nome, valor) values (729, 'Steel', 169.57);
insert into material_construcao (id, nome, valor) values (730, 'Aluminum', 167.61);
insert into material_construcao (id, nome, valor) values (731, 'Vinyl', 775.78);
insert into material_construcao (id, nome, valor) values (732, 'Granite', 340.16);
insert into material_construcao (id, nome, valor) values (733, 'Steel', 678.84);
insert into material_construcao (id, nome, valor) values (734, 'Aluminum', 60.39);
insert into material_construcao (id, nome, valor) values (735, 'Stone', 216.86);
insert into material_construcao (id, nome, valor) values (736, 'Plexiglass', 508.14);
insert into material_construcao (id, nome, valor) values (737, 'Plastic', 183.42);
insert into material_construcao (id, nome, valor) values (738, 'Plastic', 221.64);
insert into material_construcao (id, nome, valor) values (739, 'Plexiglass', 865.71);
insert into material_construcao (id, nome, valor) values (740, 'Steel', 363.38);
insert into material_construcao (id, nome, valor) values (741, 'Plexiglass', 172.41);
insert into material_construcao (id, nome, valor) values (742, 'Stone', 253.21);
insert into material_construcao (id, nome, valor) values (743, 'Brass', 673.59);
insert into material_construcao (id, nome, valor) values (744, 'Plexiglass', 582.64);
insert into material_construcao (id, nome, valor) values (745, 'Glass', 278.65);
insert into material_construcao (id, nome, valor) values (746, 'Steel', 291.46);
insert into material_construcao (id, nome, valor) values (747, 'Plexiglass', 149.95);
insert into material_construcao (id, nome, valor) values (748, 'Wood', 488.35);
insert into material_construcao (id, nome, valor) values (749, 'Plastic', 884.86);
insert into material_construcao (id, nome, valor) values (750, 'Stone', 103.83);
insert into material_construcao (id, nome, valor) values (751, 'Granite', 178.25);
insert into material_construcao (id, nome, valor) values (752, 'Brass', 817.34);
insert into material_construcao (id, nome, valor) values (753, 'Plastic', 53.12);
insert into material_construcao (id, nome, valor) values (754, 'Glass', 174.1);
insert into material_construcao (id, nome, valor) values (755, 'Rubber', 725.07);
insert into material_construcao (id, nome, valor) values (756, 'Vinyl', 801.57);
insert into material_construcao (id, nome, valor) values (757, 'Glass', 147.67);
insert into material_construcao (id, nome, valor) values (758, 'Brass', 961.29);
insert into material_construcao (id, nome, valor) values (759, 'Granite', 214.22);
insert into material_construcao (id, nome, valor) values (760, 'Rubber', 74.42);
insert into material_construcao (id, nome, valor) values (761, 'Granite', 781.7);
insert into material_construcao (id, nome, valor) values (762, 'Wood', 952.14);
insert into material_construcao (id, nome, valor) values (763, 'Stone', 14.48);
insert into material_construcao (id, nome, valor) values (764, 'Stone', 606.54);
insert into material_construcao (id, nome, valor) values (765, 'Brass', 426.33);
insert into material_construcao (id, nome, valor) values (766, 'Aluminum', 953.51);
insert into material_construcao (id, nome, valor) values (767, 'Stone', 744.38);
insert into material_construcao (id, nome, valor) values (768, 'Wood', 979.19);
insert into material_construcao (id, nome, valor) values (769, 'Aluminum', 551.9);
insert into material_construcao (id, nome, valor) values (770, 'Steel', 342.23);
insert into material_construcao (id, nome, valor) values (771, 'Brass', 539.34);
insert into material_construcao (id, nome, valor) values (772, 'Steel', 72.24);
insert into material_construcao (id, nome, valor) values (773, 'Granite', 16.23);
insert into material_construcao (id, nome, valor) values (774, 'Vinyl', 891.95);
insert into material_construcao (id, nome, valor) values (775, 'Brass', 267.25);
insert into material_construcao (id, nome, valor) values (776, 'Plexiglass', 116.2);
insert into material_construcao (id, nome, valor) values (777, 'Glass', 803.9);
insert into material_construcao (id, nome, valor) values (778, 'Stone', 683.12);
insert into material_construcao (id, nome, valor) values (779, 'Aluminum', 885.51);
insert into material_construcao (id, nome, valor) values (780, 'Glass', 227.27);
insert into material_construcao (id, nome, valor) values (781, 'Granite', 811.3);
insert into material_construcao (id, nome, valor) values (782, 'Granite', 421.9);
insert into material_construcao (id, nome, valor) values (783, 'Stone', 738.92);
insert into material_construcao (id, nome, valor) values (784, 'Plastic', 214.59);
insert into material_construcao (id, nome, valor) values (785, 'Plexiglass', 99.59);
insert into material_construcao (id, nome, valor) values (786, 'Steel', 688.79);
insert into material_construcao (id, nome, valor) values (787, 'Plexiglass', 820.66);
insert into material_construcao (id, nome, valor) values (788, 'Aluminum', 23.5);
insert into material_construcao (id, nome, valor) values (789, 'Plastic', 420.49);
insert into material_construcao (id, nome, valor) values (790, 'Vinyl', 932.44);
insert into material_construcao (id, nome, valor) values (791, 'Rubber', 673.38);
insert into material_construcao (id, nome, valor) values (792, 'Brass', 259.01);
insert into material_construcao (id, nome, valor) values (793, 'Stone', 575.43);
insert into material_construcao (id, nome, valor) values (794, 'Brass', 135.98);
insert into material_construcao (id, nome, valor) values (795, 'Stone', 157.77);
insert into material_construcao (id, nome, valor) values (796, 'Plexiglass', 884.08);
insert into material_construcao (id, nome, valor) values (797, 'Wood', 514.31);
insert into material_construcao (id, nome, valor) values (798, 'Plexiglass', 16.34);
insert into material_construcao (id, nome, valor) values (799, 'Plastic', 358.09);
insert into material_construcao (id, nome, valor) values (800, 'Steel', 43.28);
insert into material_construcao (id, nome, valor) values (801, 'Plexiglass', 286.01);
insert into material_construcao (id, nome, valor) values (802, 'Plastic', 324.26);
insert into material_construcao (id, nome, valor) values (803, 'Steel', 267.91);
insert into material_construcao (id, nome, valor) values (804, 'Glass', 221.89);
insert into material_construcao (id, nome, valor) values (805, 'Stone', 917.04);
insert into material_construcao (id, nome, valor) values (806, 'Vinyl', 673.52);
insert into material_construcao (id, nome, valor) values (807, 'Steel', 515.83);
insert into material_construcao (id, nome, valor) values (808, 'Steel', 196.56);
insert into material_construcao (id, nome, valor) values (809, 'Steel', 494.77);
insert into material_construcao (id, nome, valor) values (810, 'Plastic', 710.73);
insert into material_construcao (id, nome, valor) values (811, 'Rubber', 960.0);
insert into material_construcao (id, nome, valor) values (812, 'Brass', 946.93);
insert into material_construcao (id, nome, valor) values (813, 'Glass', 869.25);
insert into material_construcao (id, nome, valor) values (814, 'Plexiglass', 773.1);
insert into material_construcao (id, nome, valor) values (815, 'Wood', 394.66);
insert into material_construcao (id, nome, valor) values (816, 'Rubber', 315.85);
insert into material_construcao (id, nome, valor) values (817, 'Plastic', 507.13);
insert into material_construcao (id, nome, valor) values (818, 'Plexiglass', 416.94);
insert into material_construcao (id, nome, valor) values (819, 'Brass', 265.74);
insert into material_construcao (id, nome, valor) values (820, 'Plastic', 673.7);
insert into material_construcao (id, nome, valor) values (821, 'Steel', 178.35);
insert into material_construcao (id, nome, valor) values (822, 'Granite', 591.53);
insert into material_construcao (id, nome, valor) values (823, 'Granite', 722.49);
insert into material_construcao (id, nome, valor) values (824, 'Plastic', 511.15);
insert into material_construcao (id, nome, valor) values (825, 'Wood', 298.77);
insert into material_construcao (id, nome, valor) values (826, 'Plexiglass', 90.53);
insert into material_construcao (id, nome, valor) values (827, 'Plexiglass', 209.19);
insert into material_construcao (id, nome, valor) values (828, 'Brass', 425.59);
insert into material_construcao (id, nome, valor) values (829, 'Granite', 328.83);
insert into material_construcao (id, nome, valor) values (830, 'Plexiglass', 924.48);
insert into material_construcao (id, nome, valor) values (831, 'Plexiglass', 910.5);
insert into material_construcao (id, nome, valor) values (832, 'Plastic', 668.35);
insert into material_construcao (id, nome, valor) values (833, 'Brass', 384.14);
insert into material_construcao (id, nome, valor) values (834, 'Plexiglass', 583.26);
insert into material_construcao (id, nome, valor) values (835, 'Plastic', 312.1);
insert into material_construcao (id, nome, valor) values (836, 'Plexiglass', 482.58);
insert into material_construcao (id, nome, valor) values (837, 'Steel', 645.13);
insert into material_construcao (id, nome, valor) values (838, 'Steel', 185.82);
insert into material_construcao (id, nome, valor) values (839, 'Granite', 846.41);
insert into material_construcao (id, nome, valor) values (840, 'Wood', 453.91);
insert into material_construcao (id, nome, valor) values (841, 'Brass', 935.08);
insert into material_construcao (id, nome, valor) values (842, 'Plexiglass', 199.7);
insert into material_construcao (id, nome, valor) values (843, 'Plexiglass', 512.88);
insert into material_construcao (id, nome, valor) values (844, 'Steel', 543.86);
insert into material_construcao (id, nome, valor) values (845, 'Stone', 801.49);
insert into material_construcao (id, nome, valor) values (846, 'Aluminum', 320.26);
insert into material_construcao (id, nome, valor) values (847, 'Granite', 681.76);
insert into material_construcao (id, nome, valor) values (848, 'Granite', 444.16);
insert into material_construcao (id, nome, valor) values (849, 'Aluminum', 142.09);
insert into material_construcao (id, nome, valor) values (850, 'Steel', 402.0);
insert into material_construcao (id, nome, valor) values (851, 'Brass', 775.77);
insert into material_construcao (id, nome, valor) values (852, 'Aluminum', 606.53);
insert into material_construcao (id, nome, valor) values (853, 'Glass', 228.9);
insert into material_construcao (id, nome, valor) values (854, 'Wood', 781.45);
insert into material_construcao (id, nome, valor) values (855, 'Steel', 2.64);
insert into material_construcao (id, nome, valor) values (856, 'Aluminum', 640.56);
insert into material_construcao (id, nome, valor) values (857, 'Granite', 376.35);
insert into material_construcao (id, nome, valor) values (858, 'Plexiglass', 774.72);
insert into material_construcao (id, nome, valor) values (859, 'Brass', 464.31);
insert into material_construcao (id, nome, valor) values (860, 'Vinyl', 555.47);
insert into material_construcao (id, nome, valor) values (861, 'Brass', 373.85);
insert into material_construcao (id, nome, valor) values (862, 'Aluminum', 169.65);
insert into material_construcao (id, nome, valor) values (863, 'Brass', 481.69);
insert into material_construcao (id, nome, valor) values (864, 'Plexiglass', 474.56);
insert into material_construcao (id, nome, valor) values (865, 'Glass', 662.2);
insert into material_construcao (id, nome, valor) values (866, 'Plastic', 417.75);
insert into material_construcao (id, nome, valor) values (867, 'Plastic', 591.42);
insert into material_construcao (id, nome, valor) values (868, 'Rubber', 127.26);
insert into material_construcao (id, nome, valor) values (869, 'Plastic', 906.41);
insert into material_construcao (id, nome, valor) values (870, 'Aluminum', 782.82);
insert into material_construcao (id, nome, valor) values (871, 'Plexiglass', 486.55);
insert into material_construcao (id, nome, valor) values (872, 'Rubber', 504.4);
insert into material_construcao (id, nome, valor) values (873, 'Aluminum', 629.21);
insert into material_construcao (id, nome, valor) values (874, 'Glass', 94.67);
insert into material_construcao (id, nome, valor) values (875, 'Glass', 378.26);
insert into material_construcao (id, nome, valor) values (876, 'Wood', 224.6);
insert into material_construcao (id, nome, valor) values (877, 'Glass', 908.12);
insert into material_construcao (id, nome, valor) values (878, 'Stone', 740.69);
insert into material_construcao (id, nome, valor) values (879, 'Wood', 133.36);
insert into material_construcao (id, nome, valor) values (880, 'Brass', 195.48);
insert into material_construcao (id, nome, valor) values (881, 'Wood', 429.41);
insert into material_construcao (id, nome, valor) values (882, 'Vinyl', 696.86);
insert into material_construcao (id, nome, valor) values (883, 'Rubber', 981.44);
insert into material_construcao (id, nome, valor) values (884, 'Wood', 514.3);
insert into material_construcao (id, nome, valor) values (885, 'Steel', 233.22);
insert into material_construcao (id, nome, valor) values (886, 'Glass', 595.36);
insert into material_construcao (id, nome, valor) values (887, 'Plexiglass', 195.23);
insert into material_construcao (id, nome, valor) values (888, 'Plastic', 215.84);
insert into material_construcao (id, nome, valor) values (889, 'Wood', 991.58);
insert into material_construcao (id, nome, valor) values (890, 'Brass', 49.94);
insert into material_construcao (id, nome, valor) values (891, 'Aluminum', 105.6);
insert into material_construcao (id, nome, valor) values (892, 'Steel', 498.63);
insert into material_construcao (id, nome, valor) values (893, 'Aluminum', 567.85);
insert into material_construcao (id, nome, valor) values (894, 'Wood', 428.44);
insert into material_construcao (id, nome, valor) values (895, 'Glass', 100.29);
insert into material_construcao (id, nome, valor) values (896, 'Vinyl', 102.46);
insert into material_construcao (id, nome, valor) values (897, 'Vinyl', 566.4);
insert into material_construcao (id, nome, valor) values (898, 'Wood', 617.78);
insert into material_construcao (id, nome, valor) values (899, 'Plexiglass', 26.12);
insert into material_construcao (id, nome, valor) values (900, 'Glass', 85.3);
insert into material_construcao (id, nome, valor) values (901, 'Granite', 549.17);
insert into material_construcao (id, nome, valor) values (902, 'Plexiglass', 35.16);
insert into material_construcao (id, nome, valor) values (903, 'Granite', 942.14);
insert into material_construcao (id, nome, valor) values (904, 'Granite', 402.98);
insert into material_construcao (id, nome, valor) values (905, 'Stone', 797.96);
insert into material_construcao (id, nome, valor) values (906, 'Vinyl', 158.76);
insert into material_construcao (id, nome, valor) values (907, 'Plexiglass', 58.87);
insert into material_construcao (id, nome, valor) values (908, 'Rubber', 313.09);
insert into material_construcao (id, nome, valor) values (909, 'Vinyl', 930.42);
insert into material_construcao (id, nome, valor) values (910, 'Granite', 31.08);
insert into material_construcao (id, nome, valor) values (911, 'Steel', 482.02);
insert into material_construcao (id, nome, valor) values (912, 'Vinyl', 828.53);
insert into material_construcao (id, nome, valor) values (913, 'Stone', 603.01);
insert into material_construcao (id, nome, valor) values (914, 'Rubber', 736.4);
insert into material_construcao (id, nome, valor) values (915, 'Wood', 204.38);
insert into material_construcao (id, nome, valor) values (916, 'Vinyl', 566.92);
insert into material_construcao (id, nome, valor) values (917, 'Plastic', 821.76);
insert into material_construcao (id, nome, valor) values (918, 'Rubber', 955.2);
insert into material_construcao (id, nome, valor) values (919, 'Plexiglass', 86.48);
insert into material_construcao (id, nome, valor) values (920, 'Glass', 456.27);
insert into material_construcao (id, nome, valor) values (921, 'Rubber', 634.44);
insert into material_construcao (id, nome, valor) values (922, 'Glass', 21.01);
insert into material_construcao (id, nome, valor) values (923, 'Glass', 324.92);
insert into material_construcao (id, nome, valor) values (924, 'Granite', 186.12);
insert into material_construcao (id, nome, valor) values (925, 'Rubber', 575.75);
insert into material_construcao (id, nome, valor) values (926, 'Granite', 782.81);
insert into material_construcao (id, nome, valor) values (927, 'Aluminum', 98.92);
insert into material_construcao (id, nome, valor) values (928, 'Wood', 899.16);
insert into material_construcao (id, nome, valor) values (929, 'Rubber', 548.82);
insert into material_construcao (id, nome, valor) values (930, 'Plexiglass', 638.12);
insert into material_construcao (id, nome, valor) values (931, 'Stone', 701.05);
insert into material_construcao (id, nome, valor) values (932, 'Glass', 682.67);
insert into material_construcao (id, nome, valor) values (933, 'Vinyl', 358.61);
insert into material_construcao (id, nome, valor) values (934, 'Rubber', 527.62);
insert into material_construcao (id, nome, valor) values (935, 'Granite', 506.03);
insert into material_construcao (id, nome, valor) values (936, 'Glass', 835.63);
insert into material_construcao (id, nome, valor) values (937, 'Vinyl', 534.47);
insert into material_construcao (id, nome, valor) values (938, 'Glass', 93.88);
insert into material_construcao (id, nome, valor) values (939, 'Glass', 376.04);
insert into material_construcao (id, nome, valor) values (940, 'Vinyl', 555.56);
insert into material_construcao (id, nome, valor) values (941, 'Plastic', 215.08);
insert into material_construcao (id, nome, valor) values (942, 'Wood', 29.42);
insert into material_construcao (id, nome, valor) values (943, 'Plexiglass', 165.33);
insert into material_construcao (id, nome, valor) values (944, 'Plexiglass', 589.78);
insert into material_construcao (id, nome, valor) values (945, 'Granite', 669.44);
insert into material_construcao (id, nome, valor) values (946, 'Stone', 766.43);
insert into material_construcao (id, nome, valor) values (947, 'Vinyl', 455.57);
insert into material_construcao (id, nome, valor) values (948, 'Stone', 270.03);
insert into material_construcao (id, nome, valor) values (949, 'Plastic', 328.84);
insert into material_construcao (id, nome, valor) values (950, 'Granite', 583.4);
insert into material_construcao (id, nome, valor) values (951, 'Granite', 821.06);
insert into material_construcao (id, nome, valor) values (952, 'Stone', 359.41);
insert into material_construcao (id, nome, valor) values (953, 'Plexiglass', 45.24);
insert into material_construcao (id, nome, valor) values (954, 'Vinyl', 845.54);
insert into material_construcao (id, nome, valor) values (955, 'Brass', 909.86);
insert into material_construcao (id, nome, valor) values (956, 'Glass', 227.16);
insert into material_construcao (id, nome, valor) values (957, 'Plexiglass', 229.5);
insert into material_construcao (id, nome, valor) values (958, 'Plexiglass', 655.05);
insert into material_construcao (id, nome, valor) values (959, 'Plastic', 521.79);
insert into material_construcao (id, nome, valor) values (960, 'Rubber', 382.68);
insert into material_construcao (id, nome, valor) values (961, 'Wood', 163.22);
insert into material_construcao (id, nome, valor) values (962, 'Rubber', 791.52);
insert into material_construcao (id, nome, valor) values (963, 'Aluminum', 327.81);
insert into material_construcao (id, nome, valor) values (964, 'Plexiglass', 666.76);
insert into material_construcao (id, nome, valor) values (965, 'Glass', 140.21);
insert into material_construcao (id, nome, valor) values (966, 'Wood', 171.84);
insert into material_construcao (id, nome, valor) values (967, 'Brass', 219.93);
insert into material_construcao (id, nome, valor) values (968, 'Steel', 201.95);
insert into material_construcao (id, nome, valor) values (969, 'Aluminum', 706.38);
insert into material_construcao (id, nome, valor) values (970, 'Wood', 708.03);
insert into material_construcao (id, nome, valor) values (971, 'Plexiglass', 816.98);
insert into material_construcao (id, nome, valor) values (972, 'Brass', 228.29);
insert into material_construcao (id, nome, valor) values (973, 'Plexiglass', 527.78);
insert into material_construcao (id, nome, valor) values (974, 'Steel', 61.68);
insert into material_construcao (id, nome, valor) values (975, 'Glass', 573.89);
insert into material_construcao (id, nome, valor) values (976, 'Rubber', 719.79);
insert into material_construcao (id, nome, valor) values (977, 'Wood', 13.52);
insert into material_construcao (id, nome, valor) values (978, 'Wood', 433.96);
insert into material_construcao (id, nome, valor) values (979, 'Brass', 433.27);
insert into material_construcao (id, nome, valor) values (980, 'Vinyl', 198.23);
insert into material_construcao (id, nome, valor) values (981, 'Aluminum', 323.15);
insert into material_construcao (id, nome, valor) values (982, 'Aluminum', 357.6);
insert into material_construcao (id, nome, valor) values (983, 'Plexiglass', 811.44);
insert into material_construcao (id, nome, valor) values (984, 'Glass', 992.04);
insert into material_construcao (id, nome, valor) values (985, 'Steel', 22.66);
insert into material_construcao (id, nome, valor) values (986, 'Aluminum', 426.01);
insert into material_construcao (id, nome, valor) values (987, 'Wood', 350.87);
insert into material_construcao (id, nome, valor) values (988, 'Glass', 889.24);
insert into material_construcao (id, nome, valor) values (989, 'Vinyl', 45.11);
insert into material_construcao (id, nome, valor) values (990, 'Glass', 136.62);
insert into material_construcao (id, nome, valor) values (991, 'Plexiglass', 530.39);
insert into material_construcao (id, nome, valor) values (992, 'Aluminum', 970.17);
insert into material_construcao (id, nome, valor) values (993, 'Steel', 208.18);
insert into material_construcao (id, nome, valor) values (994, 'Rubber', 649.52);
insert into material_construcao (id, nome, valor) values (995, 'Rubber', 321.0);
insert into material_construcao (id, nome, valor) values (996, 'Brass', 324.92);
insert into material_construcao (id, nome, valor) values (997, 'Stone', 628.44);
insert into material_construcao (id, nome, valor) values (998, 'Granite', 952.92);
insert into material_construcao (id, nome, valor) values (999, 'Steel', 869.95);
insert into material_construcao (id, nome, valor) values (1000, 'Brass', 539.92);

insert into construcao_usa_material_construcao (construcao_id, material_construcao_id, quantidade) values (6, 774, 299);
insert into construcao_usa_material_construcao (construcao_id, material_construcao_id, quantidade) values (4, 599, 552);
insert into construcao_usa_material_construcao (construcao_id, material_construcao_id, quantidade) values (3, 644, 481);
insert into construcao_usa_material_construcao (construcao_id, material_construcao_id, quantidade) values (2, 768, 844);
insert into construcao_usa_material_construcao (construcao_id, material_construcao_id, quantidade) values (4, 258, 670);
insert into construcao_usa_material_construcao (construcao_id, material_construcao_id, quantidade) values (7, 867, 99);
insert into construcao_usa_material_construcao (construcao_id, material_construcao_id, quantidade) values (3, 132, 890);
insert into construcao_usa_material_construcao (construcao_id, material_construcao_id, quantidade) values (1, 663, 188);
insert into construcao_usa_material_construcao (construcao_id, material_construcao_id, quantidade) values (2, 879, 583);
insert into construcao_usa_material_construcao (construcao_id, material_construcao_id, quantidade) values (2, 182, 381);
insert into construcao_usa_material_construcao (construcao_id, material_construcao_id, quantidade) values (3, 806, 916);
insert into construcao_usa_material_construcao (construcao_id, material_construcao_id, quantidade) values (3, 950, 340);
insert into construcao_usa_material_construcao (construcao_id, material_construcao_id, quantidade) values (5, 310, 397);
insert into construcao_usa_material_construcao (construcao_id, material_construcao_id, quantidade) values (5, 357, 203);
insert into construcao_usa_material_construcao (construcao_id, material_construcao_id, quantidade) values (2, 327, 606);
insert into construcao_usa_material_construcao (construcao_id, material_construcao_id, quantidade) values (7, 131, 135);
insert into construcao_usa_material_construcao (construcao_id, material_construcao_id, quantidade) values (2, 857, 426);
insert into construcao_usa_material_construcao (construcao_id, material_construcao_id, quantidade) values (5, 596, 577);
insert into construcao_usa_material_construcao (construcao_id, material_construcao_id, quantidade) values (4, 531, 495);
insert into construcao_usa_material_construcao (construcao_id, material_construcao_id, quantidade) values (5, 703, 650);
insert into construcao_usa_material_construcao (construcao_id, material_construcao_id, quantidade) values (4, 659, 130);
insert into construcao_usa_material_construcao (construcao_id, material_construcao_id, quantidade) values (2, 919, 106);
insert into construcao_usa_material_construcao (construcao_id, material_construcao_id, quantidade) values (7, 267, 883);
insert into construcao_usa_material_construcao (construcao_id, material_construcao_id, quantidade) values (1, 490, 306);
insert into construcao_usa_material_construcao (construcao_id, material_construcao_id, quantidade) values (6, 366, 710);
insert into construcao_usa_material_construcao (construcao_id, material_construcao_id, quantidade) values (1, 795, 472);
insert into construcao_usa_material_construcao (construcao_id, material_construcao_id, quantidade) values (2, 239, 745);
insert into construcao_usa_material_construcao (construcao_id, material_construcao_id, quantidade) values (6, 615, 904);
insert into construcao_usa_material_construcao (construcao_id, material_construcao_id, quantidade) values (4, 637, 741);
insert into construcao_usa_material_construcao (construcao_id, material_construcao_id, quantidade) values (6, 1, 753);
insert into construcao_usa_material_construcao (construcao_id, material_construcao_id, quantidade) values (5, 217, 891);
insert into construcao_usa_material_construcao (construcao_id, material_construcao_id, quantidade) values (2, 554, 898);
insert into construcao_usa_material_construcao (construcao_id, material_construcao_id, quantidade) values (3, 730, 705);
insert into construcao_usa_material_construcao (construcao_id, material_construcao_id, quantidade) values (4, 31, 749);
insert into construcao_usa_material_construcao (construcao_id, material_construcao_id, quantidade) values (6, 625, 146);
insert into construcao_usa_material_construcao (construcao_id, material_construcao_id, quantidade) values (6, 837, 545);
insert into construcao_usa_material_construcao (construcao_id, material_construcao_id, quantidade) values (5, 96, 682);
insert into construcao_usa_material_construcao (construcao_id, material_construcao_id, quantidade) values (4, 701, 520);
insert into construcao_usa_material_construcao (construcao_id, material_construcao_id, quantidade) values (3, 295, 871);
insert into construcao_usa_material_construcao (construcao_id, material_construcao_id, quantidade) values (2, 607, 386);
insert into construcao_usa_material_construcao (construcao_id, material_construcao_id, quantidade) values (5, 873, 664);
insert into construcao_usa_material_construcao (construcao_id, material_construcao_id, quantidade) values (3, 405, 37);
insert into construcao_usa_material_construcao (construcao_id, material_construcao_id, quantidade) values (5, 853, 837);
insert into construcao_usa_material_construcao (construcao_id, material_construcao_id, quantidade) values (2, 298, 27);
insert into construcao_usa_material_construcao (construcao_id, material_construcao_id, quantidade) values (2, 908, 988);
insert into construcao_usa_material_construcao (construcao_id, material_construcao_id, quantidade) values (2, 859, 944);
insert into construcao_usa_material_construcao (construcao_id, material_construcao_id, quantidade) values (4, 869, 196);
insert into construcao_usa_material_construcao (construcao_id, material_construcao_id, quantidade) values (4, 792, 449);
insert into construcao_usa_material_construcao (construcao_id, material_construcao_id, quantidade) values (3, 611, 775);
insert into construcao_usa_material_construcao (construcao_id, material_construcao_id, quantidade) values (5, 452, 467);
insert into construcao_usa_material_construcao (construcao_id, material_construcao_id, quantidade) values (2, 271, 160);
insert into construcao_usa_material_construcao (construcao_id, material_construcao_id, quantidade) values (4, 396, 473);
insert into construcao_usa_material_construcao (construcao_id, material_construcao_id, quantidade) values (6, 668, 65);
insert into construcao_usa_material_construcao (construcao_id, material_construcao_id, quantidade) values (2, 16, 238);
insert into construcao_usa_material_construcao (construcao_id, material_construcao_id, quantidade) values (5, 158, 593);
insert into construcao_usa_material_construcao (construcao_id, material_construcao_id, quantidade) values (3, 404, 135);
insert into construcao_usa_material_construcao (construcao_id, material_construcao_id, quantidade) values (6, 930, 253);
insert into construcao_usa_material_construcao (construcao_id, material_construcao_id, quantidade) values (7, 638, 158);
insert into construcao_usa_material_construcao (construcao_id, material_construcao_id, quantidade) values (5, 561, 777);
insert into construcao_usa_material_construcao (construcao_id, material_construcao_id, quantidade) values (6, 900, 855);
insert into construcao_usa_material_construcao (construcao_id, material_construcao_id, quantidade) values (6, 746, 243);
insert into construcao_usa_material_construcao (construcao_id, material_construcao_id, quantidade) values (4, 234, 293);
insert into construcao_usa_material_construcao (construcao_id, material_construcao_id, quantidade) values (6, 924, 573);
insert into construcao_usa_material_construcao (construcao_id, material_construcao_id, quantidade) values (2, 849, 137);
insert into construcao_usa_material_construcao (construcao_id, material_construcao_id, quantidade) values (2, 378, 709);
insert into construcao_usa_material_construcao (construcao_id, material_construcao_id, quantidade) values (5, 39, 615);
insert into construcao_usa_material_construcao (construcao_id, material_construcao_id, quantidade) values (2, 38, 613);
insert into construcao_usa_material_construcao (construcao_id, material_construcao_id, quantidade) values (6, 557, 88);
insert into construcao_usa_material_construcao (construcao_id, material_construcao_id, quantidade) values (2, 878, 367);
insert into construcao_usa_material_construcao (construcao_id, material_construcao_id, quantidade) values (5, 476, 714);
insert into construcao_usa_material_construcao (construcao_id, material_construcao_id, quantidade) values (6, 547, 124);
insert into construcao_usa_material_construcao (construcao_id, material_construcao_id, quantidade) values (1, 187, 731);
insert into construcao_usa_material_construcao (construcao_id, material_construcao_id, quantidade) values (6, 350, 566);
insert into construcao_usa_material_construcao (construcao_id, material_construcao_id, quantidade) values (7, 502, 805);
insert into construcao_usa_material_construcao (construcao_id, material_construcao_id, quantidade) values (7, 934, 133);
insert into construcao_usa_material_construcao (construcao_id, material_construcao_id, quantidade) values (1, 113, 196);
insert into construcao_usa_material_construcao (construcao_id, material_construcao_id, quantidade) values (1, 291, 894);
insert into construcao_usa_material_construcao (construcao_id, material_construcao_id, quantidade) values (6, 350, 777);
insert into construcao_usa_material_construcao (construcao_id, material_construcao_id, quantidade) values (7, 991, 216);
insert into construcao_usa_material_construcao (construcao_id, material_construcao_id, quantidade) values (4, 302, 637);
insert into construcao_usa_material_construcao (construcao_id, material_construcao_id, quantidade) values (1, 725, 185);
insert into construcao_usa_material_construcao (construcao_id, material_construcao_id, quantidade) values (1, 768, 356);
insert into construcao_usa_material_construcao (construcao_id, material_construcao_id, quantidade) values (6, 114, 792);
insert into construcao_usa_material_construcao (construcao_id, material_construcao_id, quantidade) values (4, 561, 973);
insert into construcao_usa_material_construcao (construcao_id, material_construcao_id, quantidade) values (4, 766, 768);
insert into construcao_usa_material_construcao (construcao_id, material_construcao_id, quantidade) values (3, 116, 787);
insert into construcao_usa_material_construcao (construcao_id, material_construcao_id, quantidade) values (4, 936, 504);
insert into construcao_usa_material_construcao (construcao_id, material_construcao_id, quantidade) values (3, 82, 508);
insert into construcao_usa_material_construcao (construcao_id, material_construcao_id, quantidade) values (1, 683, 31);
insert into construcao_usa_material_construcao (construcao_id, material_construcao_id, quantidade) values (3, 432, 704);
insert into construcao_usa_material_construcao (construcao_id, material_construcao_id, quantidade) values (1, 850, 698);
insert into construcao_usa_material_construcao (construcao_id, material_construcao_id, quantidade) values (7, 407, 130);
insert into construcao_usa_material_construcao (construcao_id, material_construcao_id, quantidade) values (7, 860, 714);
insert into construcao_usa_material_construcao (construcao_id, material_construcao_id, quantidade) values (1, 609, 775);
insert into construcao_usa_material_construcao (construcao_id, material_construcao_id, quantidade) values (4, 380, 358);
insert into construcao_usa_material_construcao (construcao_id, material_construcao_id, quantidade) values (6, 75, 31);
insert into construcao_usa_material_construcao (construcao_id, material_construcao_id, quantidade) values (7, 627, 900);
insert into construcao_usa_material_construcao (construcao_id, material_construcao_id, quantidade) values (6, 543, 550);
insert into construcao_usa_material_construcao (construcao_id, material_construcao_id, quantidade) values (4, 353, 543);
insert into construcao_usa_material_construcao (construcao_id, material_construcao_id, quantidade) values (1, 24, 321);
insert into construcao_usa_material_construcao (construcao_id, material_construcao_id, quantidade) values (1, 34, 591);
insert into construcao_usa_material_construcao (construcao_id, material_construcao_id, quantidade) values (7, 484, 548);
insert into construcao_usa_material_construcao (construcao_id, material_construcao_id, quantidade) values (3, 929, 906);
insert into construcao_usa_material_construcao (construcao_id, material_construcao_id, quantidade) values (5, 223, 251);
insert into construcao_usa_material_construcao (construcao_id, material_construcao_id, quantidade) values (5, 848, 851);
insert into construcao_usa_material_construcao (construcao_id, material_construcao_id, quantidade) values (7, 874, 280);
insert into construcao_usa_material_construcao (construcao_id, material_construcao_id, quantidade) values (5, 862, 302);
insert into construcao_usa_material_construcao (construcao_id, material_construcao_id, quantidade) values (1, 722, 621);
insert into construcao_usa_material_construcao (construcao_id, material_construcao_id, quantidade) values (2, 917, 679);
insert into construcao_usa_material_construcao (construcao_id, material_construcao_id, quantidade) values (1, 688, 338);
insert into construcao_usa_material_construcao (construcao_id, material_construcao_id, quantidade) values (7, 727, 485);
insert into construcao_usa_material_construcao (construcao_id, material_construcao_id, quantidade) values (2, 684, 43);
insert into construcao_usa_material_construcao (construcao_id, material_construcao_id, quantidade) values (2, 155, 294);
insert into construcao_usa_material_construcao (construcao_id, material_construcao_id, quantidade) values (5, 980, 359);
insert into construcao_usa_material_construcao (construcao_id, material_construcao_id, quantidade) values (3, 694, 579);
insert into construcao_usa_material_construcao (construcao_id, material_construcao_id, quantidade) values (1, 963, 595);
insert into construcao_usa_material_construcao (construcao_id, material_construcao_id, quantidade) values (5, 718, 886);
insert into construcao_usa_material_construcao (construcao_id, material_construcao_id, quantidade) values (3, 256, 944);
insert into construcao_usa_material_construcao (construcao_id, material_construcao_id, quantidade) values (1, 349, 22);
insert into construcao_usa_material_construcao (construcao_id, material_construcao_id, quantidade) values (7, 559, 622);
insert into construcao_usa_material_construcao (construcao_id, material_construcao_id, quantidade) values (3, 251, 619);
insert into construcao_usa_material_construcao (construcao_id, material_construcao_id, quantidade) values (3, 22, 184);
insert into construcao_usa_material_construcao (construcao_id, material_construcao_id, quantidade) values (6, 85, 678);
insert into construcao_usa_material_construcao (construcao_id, material_construcao_id, quantidade) values (4, 667, 831);
insert into construcao_usa_material_construcao (construcao_id, material_construcao_id, quantidade) values (7, 113, 320);
insert into construcao_usa_material_construcao (construcao_id, material_construcao_id, quantidade) values (2, 452, 531);
insert into construcao_usa_material_construcao (construcao_id, material_construcao_id, quantidade) values (1, 258, 740);
insert into construcao_usa_material_construcao (construcao_id, material_construcao_id, quantidade) values (2, 480, 808);
insert into construcao_usa_material_construcao (construcao_id, material_construcao_id, quantidade) values (1, 742, 364);
insert into construcao_usa_material_construcao (construcao_id, material_construcao_id, quantidade) values (4, 418, 72);
insert into construcao_usa_material_construcao (construcao_id, material_construcao_id, quantidade) values (1, 996, 116);
insert into construcao_usa_material_construcao (construcao_id, material_construcao_id, quantidade) values (3, 473, 833);
insert into construcao_usa_material_construcao (construcao_id, material_construcao_id, quantidade) values (4, 843, 587);
insert into construcao_usa_material_construcao (construcao_id, material_construcao_id, quantidade) values (4, 275, 968);
insert into construcao_usa_material_construcao (construcao_id, material_construcao_id, quantidade) values (2, 366, 552);
insert into construcao_usa_material_construcao (construcao_id, material_construcao_id, quantidade) values (7, 264, 378);
insert into construcao_usa_material_construcao (construcao_id, material_construcao_id, quantidade) values (6, 453, 878);
insert into construcao_usa_material_construcao (construcao_id, material_construcao_id, quantidade) values (6, 852, 459);
insert into construcao_usa_material_construcao (construcao_id, material_construcao_id, quantidade) values (3, 827, 522);
insert into construcao_usa_material_construcao (construcao_id, material_construcao_id, quantidade) values (2, 853, 652);
insert into construcao_usa_material_construcao (construcao_id, material_construcao_id, quantidade) values (7, 988, 580);
insert into construcao_usa_material_construcao (construcao_id, material_construcao_id, quantidade) values (1, 54, 104);
insert into construcao_usa_material_construcao (construcao_id, material_construcao_id, quantidade) values (4, 734, 212);
insert into construcao_usa_material_construcao (construcao_id, material_construcao_id, quantidade) values (1, 899, 783);
insert into construcao_usa_material_construcao (construcao_id, material_construcao_id, quantidade) values (6, 248, 433);
insert into construcao_usa_material_construcao (construcao_id, material_construcao_id, quantidade) values (6, 366, 488);
insert into construcao_usa_material_construcao (construcao_id, material_construcao_id, quantidade) values (7, 359, 415);
insert into construcao_usa_material_construcao (construcao_id, material_construcao_id, quantidade) values (3, 581, 243);
insert into construcao_usa_material_construcao (construcao_id, material_construcao_id, quantidade) values (5, 504, 813);
insert into construcao_usa_material_construcao (construcao_id, material_construcao_id, quantidade) values (5, 651, 721);
insert into construcao_usa_material_construcao (construcao_id, material_construcao_id, quantidade) values (7, 959, 597);
insert into construcao_usa_material_construcao (construcao_id, material_construcao_id, quantidade) values (2, 412, 472);
insert into construcao_usa_material_construcao (construcao_id, material_construcao_id, quantidade) values (6, 496, 899);
insert into construcao_usa_material_construcao (construcao_id, material_construcao_id, quantidade) values (5, 957, 53);
insert into construcao_usa_material_construcao (construcao_id, material_construcao_id, quantidade) values (7, 7, 891);
insert into construcao_usa_material_construcao (construcao_id, material_construcao_id, quantidade) values (7, 895, 220);
insert into construcao_usa_material_construcao (construcao_id, material_construcao_id, quantidade) values (5, 961, 756);
insert into construcao_usa_material_construcao (construcao_id, material_construcao_id, quantidade) values (5, 867, 49);
insert into construcao_usa_material_construcao (construcao_id, material_construcao_id, quantidade) values (3, 635, 881);
insert into construcao_usa_material_construcao (construcao_id, material_construcao_id, quantidade) values (3, 183, 702);
insert into construcao_usa_material_construcao (construcao_id, material_construcao_id, quantidade) values (5, 581, 737);
insert into construcao_usa_material_construcao (construcao_id, material_construcao_id, quantidade) values (6, 99, 800);
insert into construcao_usa_material_construcao (construcao_id, material_construcao_id, quantidade) values (5, 516, 34);
insert into construcao_usa_material_construcao (construcao_id, material_construcao_id, quantidade) values (7, 772, 73);
insert into construcao_usa_material_construcao (construcao_id, material_construcao_id, quantidade) values (6, 348, 138);
insert into construcao_usa_material_construcao (construcao_id, material_construcao_id, quantidade) values (1, 382, 237);
insert into construcao_usa_material_construcao (construcao_id, material_construcao_id, quantidade) values (7, 756, 268);
insert into construcao_usa_material_construcao (construcao_id, material_construcao_id, quantidade) values (6, 990, 248);
insert into construcao_usa_material_construcao (construcao_id, material_construcao_id, quantidade) values (6, 230, 55);
insert into construcao_usa_material_construcao (construcao_id, material_construcao_id, quantidade) values (7, 621, 372);
insert into construcao_usa_material_construcao (construcao_id, material_construcao_id, quantidade) values (5, 725, 887);
insert into construcao_usa_material_construcao (construcao_id, material_construcao_id, quantidade) values (4, 954, 726);
insert into construcao_usa_material_construcao (construcao_id, material_construcao_id, quantidade) values (6, 405, 629);
insert into construcao_usa_material_construcao (construcao_id, material_construcao_id, quantidade) values (5, 329, 661);
insert into construcao_usa_material_construcao (construcao_id, material_construcao_id, quantidade) values (1, 103, 233);
insert into construcao_usa_material_construcao (construcao_id, material_construcao_id, quantidade) values (6, 28, 190);
insert into construcao_usa_material_construcao (construcao_id, material_construcao_id, quantidade) values (3, 240, 92);
insert into construcao_usa_material_construcao (construcao_id, material_construcao_id, quantidade) values (5, 50, 70);
insert into construcao_usa_material_construcao (construcao_id, material_construcao_id, quantidade) values (3, 283, 992);
insert into construcao_usa_material_construcao (construcao_id, material_construcao_id, quantidade) values (7, 943, 324);
insert into construcao_usa_material_construcao (construcao_id, material_construcao_id, quantidade) values (4, 859, 300);
insert into construcao_usa_material_construcao (construcao_id, material_construcao_id, quantidade) values (7, 933, 179);
insert into construcao_usa_material_construcao (construcao_id, material_construcao_id, quantidade) values (2, 813, 714);
insert into construcao_usa_material_construcao (construcao_id, material_construcao_id, quantidade) values (4, 924, 31);
insert into construcao_usa_material_construcao (construcao_id, material_construcao_id, quantidade) values (4, 495, 353);
insert into construcao_usa_material_construcao (construcao_id, material_construcao_id, quantidade) values (4, 152, 696);
insert into construcao_usa_material_construcao (construcao_id, material_construcao_id, quantidade) values (6, 687, 832);
insert into construcao_usa_material_construcao (construcao_id, material_construcao_id, quantidade) values (3, 894, 824);
insert into construcao_usa_material_construcao (construcao_id, material_construcao_id, quantidade) values (4, 253, 848);
insert into construcao_usa_material_construcao (construcao_id, material_construcao_id, quantidade) values (4, 711, 920);
insert into construcao_usa_material_construcao (construcao_id, material_construcao_id, quantidade) values (7, 1, 757);
insert into construcao_usa_material_construcao (construcao_id, material_construcao_id, quantidade) values (7, 533, 598);
insert into construcao_usa_material_construcao (construcao_id, material_construcao_id, quantidade) values (2, 507, 942);
insert into construcao_usa_material_construcao (construcao_id, material_construcao_id, quantidade) values (1, 821, 820);
insert into construcao_usa_material_construcao (construcao_id, material_construcao_id, quantidade) values (2, 192, 311);
insert into construcao_usa_material_construcao (construcao_id, material_construcao_id, quantidade) values (3, 570, 821);
insert into construcao_usa_material_construcao (construcao_id, material_construcao_id, quantidade) values (1, 946, 998);
insert into construcao_usa_material_construcao (construcao_id, material_construcao_id, quantidade) values (6, 916, 21);
insert into construcao_usa_material_construcao (construcao_id, material_construcao_id, quantidade) values (1, 955, 693);
insert into construcao_usa_material_construcao (construcao_id, material_construcao_id, quantidade) values (4, 558, 817);
insert into construcao_usa_material_construcao (construcao_id, material_construcao_id, quantidade) values (2, 477, 233);
insert into construcao_usa_material_construcao (construcao_id, material_construcao_id, quantidade) values (2, 746, 262);
insert into construcao_usa_material_construcao (construcao_id, material_construcao_id, quantidade) values (4, 281, 54);
insert into construcao_usa_material_construcao (construcao_id, material_construcao_id, quantidade) values (7, 641, 405);
insert into construcao_usa_material_construcao (construcao_id, material_construcao_id, quantidade) values (7, 769, 162);
insert into construcao_usa_material_construcao (construcao_id, material_construcao_id, quantidade) values (1, 579, 993);
insert into construcao_usa_material_construcao (construcao_id, material_construcao_id, quantidade) values (3, 228, 522);
insert into construcao_usa_material_construcao (construcao_id, material_construcao_id, quantidade) values (2, 137, 714);
insert into construcao_usa_material_construcao (construcao_id, material_construcao_id, quantidade) values (7, 785, 508);
insert into construcao_usa_material_construcao (construcao_id, material_construcao_id, quantidade) values (5, 462, 99);
insert into construcao_usa_material_construcao (construcao_id, material_construcao_id, quantidade) values (1, 205, 332);
insert into construcao_usa_material_construcao (construcao_id, material_construcao_id, quantidade) values (6, 759, 470);
insert into construcao_usa_material_construcao (construcao_id, material_construcao_id, quantidade) values (1, 696, 156);
insert into construcao_usa_material_construcao (construcao_id, material_construcao_id, quantidade) values (7, 900, 248);
insert into construcao_usa_material_construcao (construcao_id, material_construcao_id, quantidade) values (3, 182, 468);
insert into construcao_usa_material_construcao (construcao_id, material_construcao_id, quantidade) values (7, 537, 466);
insert into construcao_usa_material_construcao (construcao_id, material_construcao_id, quantidade) values (4, 989, 846);
insert into construcao_usa_material_construcao (construcao_id, material_construcao_id, quantidade) values (2, 836, 867);
insert into construcao_usa_material_construcao (construcao_id, material_construcao_id, quantidade) values (4, 799, 660);
insert into construcao_usa_material_construcao (construcao_id, material_construcao_id, quantidade) values (3, 520, 981);
insert into construcao_usa_material_construcao (construcao_id, material_construcao_id, quantidade) values (2, 148, 582);
insert into construcao_usa_material_construcao (construcao_id, material_construcao_id, quantidade) values (4, 965, 302);
insert into construcao_usa_material_construcao (construcao_id, material_construcao_id, quantidade) values (7, 315, 813);
insert into construcao_usa_material_construcao (construcao_id, material_construcao_id, quantidade) values (4, 337, 847);
insert into construcao_usa_material_construcao (construcao_id, material_construcao_id, quantidade) values (7, 822, 912);
insert into construcao_usa_material_construcao (construcao_id, material_construcao_id, quantidade) values (5, 359, 926);
insert into construcao_usa_material_construcao (construcao_id, material_construcao_id, quantidade) values (1, 378, 251);
insert into construcao_usa_material_construcao (construcao_id, material_construcao_id, quantidade) values (4, 289, 979);
insert into construcao_usa_material_construcao (construcao_id, material_construcao_id, quantidade) values (1, 427, 919);
insert into construcao_usa_material_construcao (construcao_id, material_construcao_id, quantidade) values (3, 985, 485);
insert into construcao_usa_material_construcao (construcao_id, material_construcao_id, quantidade) values (3, 844, 829);
insert into construcao_usa_material_construcao (construcao_id, material_construcao_id, quantidade) values (6, 543, 854);
insert into construcao_usa_material_construcao (construcao_id, material_construcao_id, quantidade) values (6, 411, 946);
insert into construcao_usa_material_construcao (construcao_id, material_construcao_id, quantidade) values (6, 126, 592);
insert into construcao_usa_material_construcao (construcao_id, material_construcao_id, quantidade) values (6, 867, 69);
insert into construcao_usa_material_construcao (construcao_id, material_construcao_id, quantidade) values (3, 439, 212);
insert into construcao_usa_material_construcao (construcao_id, material_construcao_id, quantidade) values (1, 865, 249);
insert into construcao_usa_material_construcao (construcao_id, material_construcao_id, quantidade) values (2, 460, 738);
insert into construcao_usa_material_construcao (construcao_id, material_construcao_id, quantidade) values (5, 583, 189);
insert into construcao_usa_material_construcao (construcao_id, material_construcao_id, quantidade) values (6, 201, 854);
insert into construcao_usa_material_construcao (construcao_id, material_construcao_id, quantidade) values (1, 558, 403);
insert into construcao_usa_material_construcao (construcao_id, material_construcao_id, quantidade) values (5, 94, 511);
insert into construcao_usa_material_construcao (construcao_id, material_construcao_id, quantidade) values (5, 914, 910);
insert into construcao_usa_material_construcao (construcao_id, material_construcao_id, quantidade) values (7, 607, 982);
insert into construcao_usa_material_construcao (construcao_id, material_construcao_id, quantidade) values (4, 116, 538);
insert into construcao_usa_material_construcao (construcao_id, material_construcao_id, quantidade) values (3, 682, 727);
insert into construcao_usa_material_construcao (construcao_id, material_construcao_id, quantidade) values (2, 394, 886);
insert into construcao_usa_material_construcao (construcao_id, material_construcao_id, quantidade) values (1, 529, 546);
insert into construcao_usa_material_construcao (construcao_id, material_construcao_id, quantidade) values (1, 357, 257);
insert into construcao_usa_material_construcao (construcao_id, material_construcao_id, quantidade) values (3, 698, 867);
insert into construcao_usa_material_construcao (construcao_id, material_construcao_id, quantidade) values (4, 110, 605);
insert into construcao_usa_material_construcao (construcao_id, material_construcao_id, quantidade) values (2, 506, 633);
insert into construcao_usa_material_construcao (construcao_id, material_construcao_id, quantidade) values (6, 746, 903);
insert into construcao_usa_material_construcao (construcao_id, material_construcao_id, quantidade) values (1, 369, 103);
insert into construcao_usa_material_construcao (construcao_id, material_construcao_id, quantidade) values (5, 66, 450);
insert into construcao_usa_material_construcao (construcao_id, material_construcao_id, quantidade) values (2, 92, 380);
insert into construcao_usa_material_construcao (construcao_id, material_construcao_id, quantidade) values (6, 26, 603);
insert into construcao_usa_material_construcao (construcao_id, material_construcao_id, quantidade) values (7, 479, 344);
insert into construcao_usa_material_construcao (construcao_id, material_construcao_id, quantidade) values (6, 161, 242);
insert into construcao_usa_material_construcao (construcao_id, material_construcao_id, quantidade) values (1, 3, 393);
insert into construcao_usa_material_construcao (construcao_id, material_construcao_id, quantidade) values (7, 354, 606);
insert into construcao_usa_material_construcao (construcao_id, material_construcao_id, quantidade) values (5, 48, 885);
insert into construcao_usa_material_construcao (construcao_id, material_construcao_id, quantidade) values (3, 634, 187);
insert into construcao_usa_material_construcao (construcao_id, material_construcao_id, quantidade) values (3, 783, 474);
insert into construcao_usa_material_construcao (construcao_id, material_construcao_id, quantidade) values (1, 721, 226);
insert into construcao_usa_material_construcao (construcao_id, material_construcao_id, quantidade) values (2, 292, 157);
insert into construcao_usa_material_construcao (construcao_id, material_construcao_id, quantidade) values (1, 381, 817);
insert into construcao_usa_material_construcao (construcao_id, material_construcao_id, quantidade) values (7, 99, 599);
insert into construcao_usa_material_construcao (construcao_id, material_construcao_id, quantidade) values (3, 715, 985);
insert into construcao_usa_material_construcao (construcao_id, material_construcao_id, quantidade) values (5, 325, 975);
insert into construcao_usa_material_construcao (construcao_id, material_construcao_id, quantidade) values (7, 256, 841);
insert into construcao_usa_material_construcao (construcao_id, material_construcao_id, quantidade) values (4, 883, 527);
insert into construcao_usa_material_construcao (construcao_id, material_construcao_id, quantidade) values (6, 919, 675);
insert into construcao_usa_material_construcao (construcao_id, material_construcao_id, quantidade) values (5, 281, 650);
insert into construcao_usa_material_construcao (construcao_id, material_construcao_id, quantidade) values (4, 795, 761);
insert into construcao_usa_material_construcao (construcao_id, material_construcao_id, quantidade) values (5, 301, 63);
insert into construcao_usa_material_construcao (construcao_id, material_construcao_id, quantidade) values (2, 448, 496);
insert into construcao_usa_material_construcao (construcao_id, material_construcao_id, quantidade) values (3, 918, 310);
insert into construcao_usa_material_construcao (construcao_id, material_construcao_id, quantidade) values (6, 625, 74);
insert into construcao_usa_material_construcao (construcao_id, material_construcao_id, quantidade) values (3, 691, 21);
insert into construcao_usa_material_construcao (construcao_id, material_construcao_id, quantidade) values (1, 378, 155);
insert into construcao_usa_material_construcao (construcao_id, material_construcao_id, quantidade) values (4, 932, 589);
insert into construcao_usa_material_construcao (construcao_id, material_construcao_id, quantidade) values (1, 978, 739);
insert into construcao_usa_material_construcao (construcao_id, material_construcao_id, quantidade) values (1, 956, 16);
insert into construcao_usa_material_construcao (construcao_id, material_construcao_id, quantidade) values (7, 977, 828);
insert into construcao_usa_material_construcao (construcao_id, material_construcao_id, quantidade) values (5, 701, 533);
insert into construcao_usa_material_construcao (construcao_id, material_construcao_id, quantidade) values (4, 753, 302);
insert into construcao_usa_material_construcao (construcao_id, material_construcao_id, quantidade) values (3, 709, 407);
insert into construcao_usa_material_construcao (construcao_id, material_construcao_id, quantidade) values (4, 38, 741);
insert into construcao_usa_material_construcao (construcao_id, material_construcao_id, quantidade) values (7, 837, 157);
insert into construcao_usa_material_construcao (construcao_id, material_construcao_id, quantidade) values (2, 454, 819);
insert into construcao_usa_material_construcao (construcao_id, material_construcao_id, quantidade) values (2, 907, 391);
insert into construcao_usa_material_construcao (construcao_id, material_construcao_id, quantidade) values (4, 602, 340);
insert into construcao_usa_material_construcao (construcao_id, material_construcao_id, quantidade) values (1, 643, 349);
insert into construcao_usa_material_construcao (construcao_id, material_construcao_id, quantidade) values (5, 58, 928);
insert into construcao_usa_material_construcao (construcao_id, material_construcao_id, quantidade) values (1, 714, 579);
insert into construcao_usa_material_construcao (construcao_id, material_construcao_id, quantidade) values (3, 299, 557);
insert into construcao_usa_material_construcao (construcao_id, material_construcao_id, quantidade) values (1, 531, 290);
insert into construcao_usa_material_construcao (construcao_id, material_construcao_id, quantidade) values (6, 840, 529);
insert into construcao_usa_material_construcao (construcao_id, material_construcao_id, quantidade) values (6, 971, 782);
insert into construcao_usa_material_construcao (construcao_id, material_construcao_id, quantidade) values (5, 673, 378);
insert into construcao_usa_material_construcao (construcao_id, material_construcao_id, quantidade) values (3, 738, 900);
insert into construcao_usa_material_construcao (construcao_id, material_construcao_id, quantidade) values (6, 453, 514);
insert into construcao_usa_material_construcao (construcao_id, material_construcao_id, quantidade) values (6, 655, 261);
insert into construcao_usa_material_construcao (construcao_id, material_construcao_id, quantidade) values (7, 920, 557);
insert into construcao_usa_material_construcao (construcao_id, material_construcao_id, quantidade) values (5, 792, 638);
insert into construcao_usa_material_construcao (construcao_id, material_construcao_id, quantidade) values (1, 627, 279);
insert into construcao_usa_material_construcao (construcao_id, material_construcao_id, quantidade) values (6, 186, 858);
insert into construcao_usa_material_construcao (construcao_id, material_construcao_id, quantidade) values (2, 360, 320);
insert into construcao_usa_material_construcao (construcao_id, material_construcao_id, quantidade) values (5, 82, 461);
insert into construcao_usa_material_construcao (construcao_id, material_construcao_id, quantidade) values (7, 479, 743);
insert into construcao_usa_material_construcao (construcao_id, material_construcao_id, quantidade) values (4, 141, 656);
insert into construcao_usa_material_construcao (construcao_id, material_construcao_id, quantidade) values (1, 779, 644);
insert into construcao_usa_material_construcao (construcao_id, material_construcao_id, quantidade) values (5, 148, 972);
insert into construcao_usa_material_construcao (construcao_id, material_construcao_id, quantidade) values (6, 480, 4);
insert into construcao_usa_material_construcao (construcao_id, material_construcao_id, quantidade) values (2, 794, 12);
insert into construcao_usa_material_construcao (construcao_id, material_construcao_id, quantidade) values (4, 978, 31);
insert into construcao_usa_material_construcao (construcao_id, material_construcao_id, quantidade) values (6, 972, 432);
insert into construcao_usa_material_construcao (construcao_id, material_construcao_id, quantidade) values (1, 340, 665);
insert into construcao_usa_material_construcao (construcao_id, material_construcao_id, quantidade) values (1, 179, 166);
insert into construcao_usa_material_construcao (construcao_id, material_construcao_id, quantidade) values (4, 323, 886);
insert into construcao_usa_material_construcao (construcao_id, material_construcao_id, quantidade) values (4, 27, 998);
insert into construcao_usa_material_construcao (construcao_id, material_construcao_id, quantidade) values (3, 34, 992);
insert into construcao_usa_material_construcao (construcao_id, material_construcao_id, quantidade) values (2, 708, 485);
insert into construcao_usa_material_construcao (construcao_id, material_construcao_id, quantidade) values (4, 245, 213);
insert into construcao_usa_material_construcao (construcao_id, material_construcao_id, quantidade) values (7, 868, 522);
insert into construcao_usa_material_construcao (construcao_id, material_construcao_id, quantidade) values (5, 273, 360);
insert into construcao_usa_material_construcao (construcao_id, material_construcao_id, quantidade) values (5, 240, 209);
insert into construcao_usa_material_construcao (construcao_id, material_construcao_id, quantidade) values (1, 678, 643);
insert into construcao_usa_material_construcao (construcao_id, material_construcao_id, quantidade) values (7, 616, 970);
insert into construcao_usa_material_construcao (construcao_id, material_construcao_id, quantidade) values (6, 93, 291);
insert into construcao_usa_material_construcao (construcao_id, material_construcao_id, quantidade) values (5, 915, 607);
insert into construcao_usa_material_construcao (construcao_id, material_construcao_id, quantidade) values (1, 485, 243);
insert into construcao_usa_material_construcao (construcao_id, material_construcao_id, quantidade) values (5, 124, 324);
insert into construcao_usa_material_construcao (construcao_id, material_construcao_id, quantidade) values (1, 816, 89);
insert into construcao_usa_material_construcao (construcao_id, material_construcao_id, quantidade) values (2, 933, 563);
insert into construcao_usa_material_construcao (construcao_id, material_construcao_id, quantidade) values (7, 360, 694);
insert into construcao_usa_material_construcao (construcao_id, material_construcao_id, quantidade) values (1, 715, 154);
insert into construcao_usa_material_construcao (construcao_id, material_construcao_id, quantidade) values (3, 472, 496);
insert into construcao_usa_material_construcao (construcao_id, material_construcao_id, quantidade) values (1, 823, 1);
insert into construcao_usa_material_construcao (construcao_id, material_construcao_id, quantidade) values (2, 607, 959);
insert into construcao_usa_material_construcao (construcao_id, material_construcao_id, quantidade) values (2, 349, 816);
insert into construcao_usa_material_construcao (construcao_id, material_construcao_id, quantidade) values (4, 77, 783);
insert into construcao_usa_material_construcao (construcao_id, material_construcao_id, quantidade) values (3, 175, 118);
insert into construcao_usa_material_construcao (construcao_id, material_construcao_id, quantidade) values (7, 61, 14);
insert into construcao_usa_material_construcao (construcao_id, material_construcao_id, quantidade) values (1, 924, 53);
insert into construcao_usa_material_construcao (construcao_id, material_construcao_id, quantidade) values (4, 271, 228);
insert into construcao_usa_material_construcao (construcao_id, material_construcao_id, quantidade) values (7, 469, 151);
insert into construcao_usa_material_construcao (construcao_id, material_construcao_id, quantidade) values (1, 75, 232);
insert into construcao_usa_material_construcao (construcao_id, material_construcao_id, quantidade) values (7, 940, 930);
insert into construcao_usa_material_construcao (construcao_id, material_construcao_id, quantidade) values (5, 194, 318);
insert into construcao_usa_material_construcao (construcao_id, material_construcao_id, quantidade) values (7, 115, 375);
insert into construcao_usa_material_construcao (construcao_id, material_construcao_id, quantidade) values (6, 129, 653);
insert into construcao_usa_material_construcao (construcao_id, material_construcao_id, quantidade) values (4, 687, 178);
insert into construcao_usa_material_construcao (construcao_id, material_construcao_id, quantidade) values (2, 376, 331);
insert into construcao_usa_material_construcao (construcao_id, material_construcao_id, quantidade) values (7, 429, 624);
insert into construcao_usa_material_construcao (construcao_id, material_construcao_id, quantidade) values (3, 146, 709);
insert into construcao_usa_material_construcao (construcao_id, material_construcao_id, quantidade) values (2, 272, 443);
insert into construcao_usa_material_construcao (construcao_id, material_construcao_id, quantidade) values (6, 909, 22);
insert into construcao_usa_material_construcao (construcao_id, material_construcao_id, quantidade) values (7, 125, 336);
insert into construcao_usa_material_construcao (construcao_id, material_construcao_id, quantidade) values (7, 676, 278);
insert into construcao_usa_material_construcao (construcao_id, material_construcao_id, quantidade) values (5, 812, 289);
insert into construcao_usa_material_construcao (construcao_id, material_construcao_id, quantidade) values (6, 969, 949);
insert into construcao_usa_material_construcao (construcao_id, material_construcao_id, quantidade) values (5, 202, 332);
insert into construcao_usa_material_construcao (construcao_id, material_construcao_id, quantidade) values (3, 704, 229);
insert into construcao_usa_material_construcao (construcao_id, material_construcao_id, quantidade) values (1, 301, 921);
insert into construcao_usa_material_construcao (construcao_id, material_construcao_id, quantidade) values (4, 982, 138);
insert into construcao_usa_material_construcao (construcao_id, material_construcao_id, quantidade) values (1, 567, 99);
insert into construcao_usa_material_construcao (construcao_id, material_construcao_id, quantidade) values (1, 748, 721);
insert into construcao_usa_material_construcao (construcao_id, material_construcao_id, quantidade) values (3, 52, 199);
insert into construcao_usa_material_construcao (construcao_id, material_construcao_id, quantidade) values (1, 366, 629);
insert into construcao_usa_material_construcao (construcao_id, material_construcao_id, quantidade) values (6, 613, 602);
insert into construcao_usa_material_construcao (construcao_id, material_construcao_id, quantidade) values (3, 931, 50);
insert into construcao_usa_material_construcao (construcao_id, material_construcao_id, quantidade) values (6, 207, 181);
insert into construcao_usa_material_construcao (construcao_id, material_construcao_id, quantidade) values (5, 88, 462);
insert into construcao_usa_material_construcao (construcao_id, material_construcao_id, quantidade) values (3, 434, 728);
insert into construcao_usa_material_construcao (construcao_id, material_construcao_id, quantidade) values (2, 67, 295);
insert into construcao_usa_material_construcao (construcao_id, material_construcao_id, quantidade) values (7, 330, 209);
insert into construcao_usa_material_construcao (construcao_id, material_construcao_id, quantidade) values (4, 156, 825);
insert into construcao_usa_material_construcao (construcao_id, material_construcao_id, quantidade) values (7, 109, 266);
insert into construcao_usa_material_construcao (construcao_id, material_construcao_id, quantidade) values (3, 462, 400);
insert into construcao_usa_material_construcao (construcao_id, material_construcao_id, quantidade) values (2, 136, 608);
insert into construcao_usa_material_construcao (construcao_id, material_construcao_id, quantidade) values (2, 110, 537);
insert into construcao_usa_material_construcao (construcao_id, material_construcao_id, quantidade) values (4, 347, 898);
insert into construcao_usa_material_construcao (construcao_id, material_construcao_id, quantidade) values (3, 169, 334);
insert into construcao_usa_material_construcao (construcao_id, material_construcao_id, quantidade) values (1, 509, 369);
insert into construcao_usa_material_construcao (construcao_id, material_construcao_id, quantidade) values (4, 578, 747);
insert into construcao_usa_material_construcao (construcao_id, material_construcao_id, quantidade) values (3, 152, 589);
insert into construcao_usa_material_construcao (construcao_id, material_construcao_id, quantidade) values (6, 941, 528);
insert into construcao_usa_material_construcao (construcao_id, material_construcao_id, quantidade) values (5, 987, 458);
insert into construcao_usa_material_construcao (construcao_id, material_construcao_id, quantidade) values (5, 161, 498);
insert into construcao_usa_material_construcao (construcao_id, material_construcao_id, quantidade) values (3, 865, 221);
insert into construcao_usa_material_construcao (construcao_id, material_construcao_id, quantidade) values (4, 413, 502);
insert into construcao_usa_material_construcao (construcao_id, material_construcao_id, quantidade) values (2, 657, 586);
insert into construcao_usa_material_construcao (construcao_id, material_construcao_id, quantidade) values (5, 517, 912);
insert into construcao_usa_material_construcao (construcao_id, material_construcao_id, quantidade) values (4, 231, 895);
insert into construcao_usa_material_construcao (construcao_id, material_construcao_id, quantidade) values (3, 723, 956);
insert into construcao_usa_material_construcao (construcao_id, material_construcao_id, quantidade) values (5, 346, 876);
insert into construcao_usa_material_construcao (construcao_id, material_construcao_id, quantidade) values (3, 242, 459);
insert into construcao_usa_material_construcao (construcao_id, material_construcao_id, quantidade) values (2, 77, 359);
insert into construcao_usa_material_construcao (construcao_id, material_construcao_id, quantidade) values (1, 485, 408);
insert into construcao_usa_material_construcao (construcao_id, material_construcao_id, quantidade) values (4, 580, 747);
insert into construcao_usa_material_construcao (construcao_id, material_construcao_id, quantidade) values (2, 880, 764);
insert into construcao_usa_material_construcao (construcao_id, material_construcao_id, quantidade) values (2, 538, 371);
insert into construcao_usa_material_construcao (construcao_id, material_construcao_id, quantidade) values (5, 978, 996);
insert into construcao_usa_material_construcao (construcao_id, material_construcao_id, quantidade) values (2, 110, 356);
insert into construcao_usa_material_construcao (construcao_id, material_construcao_id, quantidade) values (4, 154, 368);
insert into construcao_usa_material_construcao (construcao_id, material_construcao_id, quantidade) values (7, 346, 102);
insert into construcao_usa_material_construcao (construcao_id, material_construcao_id, quantidade) values (6, 358, 280);
insert into construcao_usa_material_construcao (construcao_id, material_construcao_id, quantidade) values (4, 229, 783);
insert into construcao_usa_material_construcao (construcao_id, material_construcao_id, quantidade) values (4, 494, 687);
insert into construcao_usa_material_construcao (construcao_id, material_construcao_id, quantidade) values (6, 978, 246);
insert into construcao_usa_material_construcao (construcao_id, material_construcao_id, quantidade) values (6, 139, 461);
insert into construcao_usa_material_construcao (construcao_id, material_construcao_id, quantidade) values (7, 974, 119);
insert into construcao_usa_material_construcao (construcao_id, material_construcao_id, quantidade) values (5, 882, 614);
insert into construcao_usa_material_construcao (construcao_id, material_construcao_id, quantidade) values (1, 669, 497);
insert into construcao_usa_material_construcao (construcao_id, material_construcao_id, quantidade) values (3, 221, 961);
insert into construcao_usa_material_construcao (construcao_id, material_construcao_id, quantidade) values (7, 833, 529);
insert into construcao_usa_material_construcao (construcao_id, material_construcao_id, quantidade) values (7, 66, 872);
insert into construcao_usa_material_construcao (construcao_id, material_construcao_id, quantidade) values (7, 981, 803);
insert into construcao_usa_material_construcao (construcao_id, material_construcao_id, quantidade) values (5, 645, 268);
insert into construcao_usa_material_construcao (construcao_id, material_construcao_id, quantidade) values (3, 788, 979);
insert into construcao_usa_material_construcao (construcao_id, material_construcao_id, quantidade) values (3, 816, 754);
insert into construcao_usa_material_construcao (construcao_id, material_construcao_id, quantidade) values (6, 981, 113);
insert into construcao_usa_material_construcao (construcao_id, material_construcao_id, quantidade) values (2, 781, 167);
insert into construcao_usa_material_construcao (construcao_id, material_construcao_id, quantidade) values (5, 84, 728);
insert into construcao_usa_material_construcao (construcao_id, material_construcao_id, quantidade) values (1, 603, 367);
insert into construcao_usa_material_construcao (construcao_id, material_construcao_id, quantidade) values (6, 366, 602);
insert into construcao_usa_material_construcao (construcao_id, material_construcao_id, quantidade) values (2, 311, 603);
insert into construcao_usa_material_construcao (construcao_id, material_construcao_id, quantidade) values (4, 364, 475);
insert into construcao_usa_material_construcao (construcao_id, material_construcao_id, quantidade) values (6, 462, 976);
insert into construcao_usa_material_construcao (construcao_id, material_construcao_id, quantidade) values (1, 52, 156);
insert into construcao_usa_material_construcao (construcao_id, material_construcao_id, quantidade) values (2, 305, 757);
insert into construcao_usa_material_construcao (construcao_id, material_construcao_id, quantidade) values (7, 501, 740);
insert into construcao_usa_material_construcao (construcao_id, material_construcao_id, quantidade) values (1, 379, 688);
insert into construcao_usa_material_construcao (construcao_id, material_construcao_id, quantidade) values (6, 848, 881);
insert into construcao_usa_material_construcao (construcao_id, material_construcao_id, quantidade) values (1, 977, 832);
insert into construcao_usa_material_construcao (construcao_id, material_construcao_id, quantidade) values (1, 912, 174);
insert into construcao_usa_material_construcao (construcao_id, material_construcao_id, quantidade) values (7, 493, 21);
insert into construcao_usa_material_construcao (construcao_id, material_construcao_id, quantidade) values (3, 191, 947);
insert into construcao_usa_material_construcao (construcao_id, material_construcao_id, quantidade) values (6, 117, 697);
insert into construcao_usa_material_construcao (construcao_id, material_construcao_id, quantidade) values (6, 993, 632);
insert into construcao_usa_material_construcao (construcao_id, material_construcao_id, quantidade) values (1, 446, 716);
insert into construcao_usa_material_construcao (construcao_id, material_construcao_id, quantidade) values (4, 823, 582);
insert into construcao_usa_material_construcao (construcao_id, material_construcao_id, quantidade) values (3, 721, 262);
insert into construcao_usa_material_construcao (construcao_id, material_construcao_id, quantidade) values (6, 597, 262);
insert into construcao_usa_material_construcao (construcao_id, material_construcao_id, quantidade) values (6, 667, 611);
insert into construcao_usa_material_construcao (construcao_id, material_construcao_id, quantidade) values (4, 401, 579);
insert into construcao_usa_material_construcao (construcao_id, material_construcao_id, quantidade) values (1, 68, 539);
insert into construcao_usa_material_construcao (construcao_id, material_construcao_id, quantidade) values (3, 35, 202);
insert into construcao_usa_material_construcao (construcao_id, material_construcao_id, quantidade) values (6, 905, 774);
insert into construcao_usa_material_construcao (construcao_id, material_construcao_id, quantidade) values (5, 743, 762);
insert into construcao_usa_material_construcao (construcao_id, material_construcao_id, quantidade) values (3, 424, 995);
insert into construcao_usa_material_construcao (construcao_id, material_construcao_id, quantidade) values (7, 911, 476);
insert into construcao_usa_material_construcao (construcao_id, material_construcao_id, quantidade) values (5, 915, 503);
insert into construcao_usa_material_construcao (construcao_id, material_construcao_id, quantidade) values (6, 143, 134);
insert into construcao_usa_material_construcao (construcao_id, material_construcao_id, quantidade) values (1, 619, 705);
insert into construcao_usa_material_construcao (construcao_id, material_construcao_id, quantidade) values (6, 196, 724);
insert into construcao_usa_material_construcao (construcao_id, material_construcao_id, quantidade) values (1, 670, 4);
insert into construcao_usa_material_construcao (construcao_id, material_construcao_id, quantidade) values (4, 194, 832);
insert into construcao_usa_material_construcao (construcao_id, material_construcao_id, quantidade) values (5, 655, 997);
insert into construcao_usa_material_construcao (construcao_id, material_construcao_id, quantidade) values (7, 647, 514);
insert into construcao_usa_material_construcao (construcao_id, material_construcao_id, quantidade) values (7, 653, 993);
insert into construcao_usa_material_construcao (construcao_id, material_construcao_id, quantidade) values (7, 718, 219);
insert into construcao_usa_material_construcao (construcao_id, material_construcao_id, quantidade) values (2, 77, 563);
insert into construcao_usa_material_construcao (construcao_id, material_construcao_id, quantidade) values (6, 169, 352);
insert into construcao_usa_material_construcao (construcao_id, material_construcao_id, quantidade) values (1, 810, 857);
insert into construcao_usa_material_construcao (construcao_id, material_construcao_id, quantidade) values (1, 79, 537);
insert into construcao_usa_material_construcao (construcao_id, material_construcao_id, quantidade) values (5, 472, 48);
insert into construcao_usa_material_construcao (construcao_id, material_construcao_id, quantidade) values (5, 877, 226);
insert into construcao_usa_material_construcao (construcao_id, material_construcao_id, quantidade) values (2, 410, 88);
insert into construcao_usa_material_construcao (construcao_id, material_construcao_id, quantidade) values (5, 44, 357);
insert into construcao_usa_material_construcao (construcao_id, material_construcao_id, quantidade) values (1, 597, 768);
insert into construcao_usa_material_construcao (construcao_id, material_construcao_id, quantidade) values (3, 887, 503);
insert into construcao_usa_material_construcao (construcao_id, material_construcao_id, quantidade) values (3, 637, 865);
insert into construcao_usa_material_construcao (construcao_id, material_construcao_id, quantidade) values (1, 269, 8);
insert into construcao_usa_material_construcao (construcao_id, material_construcao_id, quantidade) values (3, 431, 88);
insert into construcao_usa_material_construcao (construcao_id, material_construcao_id, quantidade) values (3, 758, 785);
insert into construcao_usa_material_construcao (construcao_id, material_construcao_id, quantidade) values (6, 365, 478);
insert into construcao_usa_material_construcao (construcao_id, material_construcao_id, quantidade) values (7, 954, 33);
insert into construcao_usa_material_construcao (construcao_id, material_construcao_id, quantidade) values (6, 215, 638);
insert into construcao_usa_material_construcao (construcao_id, material_construcao_id, quantidade) values (6, 803, 392);
insert into construcao_usa_material_construcao (construcao_id, material_construcao_id, quantidade) values (1, 775, 387);
insert into construcao_usa_material_construcao (construcao_id, material_construcao_id, quantidade) values (5, 722, 211);
insert into construcao_usa_material_construcao (construcao_id, material_construcao_id, quantidade) values (3, 795, 729);
insert into construcao_usa_material_construcao (construcao_id, material_construcao_id, quantidade) values (1, 262, 986);
insert into construcao_usa_material_construcao (construcao_id, material_construcao_id, quantidade) values (6, 88, 391);
insert into construcao_usa_material_construcao (construcao_id, material_construcao_id, quantidade) values (4, 876, 721);
insert into construcao_usa_material_construcao (construcao_id, material_construcao_id, quantidade) values (1, 374, 331);
insert into construcao_usa_material_construcao (construcao_id, material_construcao_id, quantidade) values (4, 563, 297);
insert into construcao_usa_material_construcao (construcao_id, material_construcao_id, quantidade) values (3, 593, 679);
insert into construcao_usa_material_construcao (construcao_id, material_construcao_id, quantidade) values (7, 671, 903);
insert into construcao_usa_material_construcao (construcao_id, material_construcao_id, quantidade) values (5, 18, 324);
insert into construcao_usa_material_construcao (construcao_id, material_construcao_id, quantidade) values (4, 130, 83);
insert into construcao_usa_material_construcao (construcao_id, material_construcao_id, quantidade) values (7, 668, 724);
insert into construcao_usa_material_construcao (construcao_id, material_construcao_id, quantidade) values (7, 571, 808);
insert into construcao_usa_material_construcao (construcao_id, material_construcao_id, quantidade) values (7, 937, 958);
insert into construcao_usa_material_construcao (construcao_id, material_construcao_id, quantidade) values (7, 229, 135);
insert into construcao_usa_material_construcao (construcao_id, material_construcao_id, quantidade) values (4, 765, 399);
insert into construcao_usa_material_construcao (construcao_id, material_construcao_id, quantidade) values (7, 523, 827);
insert into construcao_usa_material_construcao (construcao_id, material_construcao_id, quantidade) values (4, 64, 106);
insert into construcao_usa_material_construcao (construcao_id, material_construcao_id, quantidade) values (2, 862, 829);
insert into construcao_usa_material_construcao (construcao_id, material_construcao_id, quantidade) values (4, 401, 790);
insert into construcao_usa_material_construcao (construcao_id, material_construcao_id, quantidade) values (5, 117, 942);
insert into construcao_usa_material_construcao (construcao_id, material_construcao_id, quantidade) values (1, 515, 751);
insert into construcao_usa_material_construcao (construcao_id, material_construcao_id, quantidade) values (5, 82, 275);
insert into construcao_usa_material_construcao (construcao_id, material_construcao_id, quantidade) values (5, 209, 427);
insert into construcao_usa_material_construcao (construcao_id, material_construcao_id, quantidade) values (4, 605, 629);
insert into construcao_usa_material_construcao (construcao_id, material_construcao_id, quantidade) values (3, 39, 632);
insert into construcao_usa_material_construcao (construcao_id, material_construcao_id, quantidade) values (6, 84, 912);
insert into construcao_usa_material_construcao (construcao_id, material_construcao_id, quantidade) values (3, 454, 488);
insert into construcao_usa_material_construcao (construcao_id, material_construcao_id, quantidade) values (2, 131, 491);
insert into construcao_usa_material_construcao (construcao_id, material_construcao_id, quantidade) values (7, 366, 330);
insert into construcao_usa_material_construcao (construcao_id, material_construcao_id, quantidade) values (2, 151, 332);
insert into construcao_usa_material_construcao (construcao_id, material_construcao_id, quantidade) values (2, 702, 810);
insert into construcao_usa_material_construcao (construcao_id, material_construcao_id, quantidade) values (7, 261, 176);
insert into construcao_usa_material_construcao (construcao_id, material_construcao_id, quantidade) values (5, 800, 347);
insert into construcao_usa_material_construcao (construcao_id, material_construcao_id, quantidade) values (6, 881, 24);
insert into construcao_usa_material_construcao (construcao_id, material_construcao_id, quantidade) values (7, 750, 814);
insert into construcao_usa_material_construcao (construcao_id, material_construcao_id, quantidade) values (3, 46, 393);
insert into construcao_usa_material_construcao (construcao_id, material_construcao_id, quantidade) values (7, 98, 890);
insert into construcao_usa_material_construcao (construcao_id, material_construcao_id, quantidade) values (7, 80, 442);
insert into construcao_usa_material_construcao (construcao_id, material_construcao_id, quantidade) values (2, 274, 180);
insert into construcao_usa_material_construcao (construcao_id, material_construcao_id, quantidade) values (7, 298, 513);
insert into construcao_usa_material_construcao (construcao_id, material_construcao_id, quantidade) values (1, 457, 823);
insert into construcao_usa_material_construcao (construcao_id, material_construcao_id, quantidade) values (6, 470, 257);
insert into construcao_usa_material_construcao (construcao_id, material_construcao_id, quantidade) values (5, 369, 85);
insert into construcao_usa_material_construcao (construcao_id, material_construcao_id, quantidade) values (2, 460, 782);
insert into construcao_usa_material_construcao (construcao_id, material_construcao_id, quantidade) values (6, 219, 937);
insert into construcao_usa_material_construcao (construcao_id, material_construcao_id, quantidade) values (5, 98, 639);
insert into construcao_usa_material_construcao (construcao_id, material_construcao_id, quantidade) values (3, 473, 561);
insert into construcao_usa_material_construcao (construcao_id, material_construcao_id, quantidade) values (5, 398, 261);
insert into construcao_usa_material_construcao (construcao_id, material_construcao_id, quantidade) values (4, 940, 923);
insert into construcao_usa_material_construcao (construcao_id, material_construcao_id, quantidade) values (3, 467, 872);
insert into construcao_usa_material_construcao (construcao_id, material_construcao_id, quantidade) values (2, 514, 848);
insert into construcao_usa_material_construcao (construcao_id, material_construcao_id, quantidade) values (6, 300, 952);
insert into construcao_usa_material_construcao (construcao_id, material_construcao_id, quantidade) values (5, 557, 939);
insert into construcao_usa_material_construcao (construcao_id, material_construcao_id, quantidade) values (6, 881, 487);
insert into construcao_usa_material_construcao (construcao_id, material_construcao_id, quantidade) values (7, 374, 439);
insert into construcao_usa_material_construcao (construcao_id, material_construcao_id, quantidade) values (3, 925, 830);
insert into construcao_usa_material_construcao (construcao_id, material_construcao_id, quantidade) values (6, 264, 99);
insert into construcao_usa_material_construcao (construcao_id, material_construcao_id, quantidade) values (6, 343, 471);
insert into construcao_usa_material_construcao (construcao_id, material_construcao_id, quantidade) values (7, 589, 241);
insert into construcao_usa_material_construcao (construcao_id, material_construcao_id, quantidade) values (2, 61, 637);
insert into construcao_usa_material_construcao (construcao_id, material_construcao_id, quantidade) values (4, 299, 99);
insert into construcao_usa_material_construcao (construcao_id, material_construcao_id, quantidade) values (7, 564, 328);
insert into construcao_usa_material_construcao (construcao_id, material_construcao_id, quantidade) values (2, 535, 718);
insert into construcao_usa_material_construcao (construcao_id, material_construcao_id, quantidade) values (2, 94, 752);
insert into construcao_usa_material_construcao (construcao_id, material_construcao_id, quantidade) values (5, 801, 968);
insert into construcao_usa_material_construcao (construcao_id, material_construcao_id, quantidade) values (2, 161, 244);
insert into construcao_usa_material_construcao (construcao_id, material_construcao_id, quantidade) values (4, 943, 407);
insert into construcao_usa_material_construcao (construcao_id, material_construcao_id, quantidade) values (3, 4, 53);
insert into construcao_usa_material_construcao (construcao_id, material_construcao_id, quantidade) values (3, 932, 383);
insert into construcao_usa_material_construcao (construcao_id, material_construcao_id, quantidade) values (2, 368, 117);
insert into construcao_usa_material_construcao (construcao_id, material_construcao_id, quantidade) values (2, 169, 840);
insert into construcao_usa_material_construcao (construcao_id, material_construcao_id, quantidade) values (5, 672, 768);
insert into construcao_usa_material_construcao (construcao_id, material_construcao_id, quantidade) values (5, 100, 696);
insert into construcao_usa_material_construcao (construcao_id, material_construcao_id, quantidade) values (2, 324, 977);
insert into construcao_usa_material_construcao (construcao_id, material_construcao_id, quantidade) values (3, 38, 913);
insert into construcao_usa_material_construcao (construcao_id, material_construcao_id, quantidade) values (5, 388, 567);
insert into construcao_usa_material_construcao (construcao_id, material_construcao_id, quantidade) values (1, 451, 71);
insert into construcao_usa_material_construcao (construcao_id, material_construcao_id, quantidade) values (2, 489, 745);
insert into construcao_usa_material_construcao (construcao_id, material_construcao_id, quantidade) values (4, 746, 983);
insert into construcao_usa_material_construcao (construcao_id, material_construcao_id, quantidade) values (5, 572, 294);
insert into construcao_usa_material_construcao (construcao_id, material_construcao_id, quantidade) values (3, 344, 714);
insert into construcao_usa_material_construcao (construcao_id, material_construcao_id, quantidade) values (1, 82, 457);
insert into construcao_usa_material_construcao (construcao_id, material_construcao_id, quantidade) values (4, 565, 38);
insert into construcao_usa_material_construcao (construcao_id, material_construcao_id, quantidade) values (3, 896, 279);
insert into construcao_usa_material_construcao (construcao_id, material_construcao_id, quantidade) values (1, 668, 402);
insert into construcao_usa_material_construcao (construcao_id, material_construcao_id, quantidade) values (6, 783, 219);
insert into construcao_usa_material_construcao (construcao_id, material_construcao_id, quantidade) values (2, 95, 781);
insert into construcao_usa_material_construcao (construcao_id, material_construcao_id, quantidade) values (1, 685, 752);
insert into construcao_usa_material_construcao (construcao_id, material_construcao_id, quantidade) values (6, 216, 329);
insert into construcao_usa_material_construcao (construcao_id, material_construcao_id, quantidade) values (6, 312, 600);
insert into construcao_usa_material_construcao (construcao_id, material_construcao_id, quantidade) values (2, 499, 557);
insert into construcao_usa_material_construcao (construcao_id, material_construcao_id, quantidade) values (2, 834, 204);
insert into construcao_usa_material_construcao (construcao_id, material_construcao_id, quantidade) values (7, 996, 851);
insert into construcao_usa_material_construcao (construcao_id, material_construcao_id, quantidade) values (5, 637, 923);
insert into construcao_usa_material_construcao (construcao_id, material_construcao_id, quantidade) values (6, 726, 895);
insert into construcao_usa_material_construcao (construcao_id, material_construcao_id, quantidade) values (4, 420, 396);
insert into construcao_usa_material_construcao (construcao_id, material_construcao_id, quantidade) values (5, 211, 612);
insert into construcao_usa_material_construcao (construcao_id, material_construcao_id, quantidade) values (7, 337, 509);
insert into construcao_usa_material_construcao (construcao_id, material_construcao_id, quantidade) values (6, 397, 552);
insert into construcao_usa_material_construcao (construcao_id, material_construcao_id, quantidade) values (7, 510, 940);
insert into construcao_usa_material_construcao (construcao_id, material_construcao_id, quantidade) values (1, 421, 87);
insert into construcao_usa_material_construcao (construcao_id, material_construcao_id, quantidade) values (1, 501, 72);
insert into construcao_usa_material_construcao (construcao_id, material_construcao_id, quantidade) values (3, 645, 937);
insert into construcao_usa_material_construcao (construcao_id, material_construcao_id, quantidade) values (4, 429, 8);
insert into construcao_usa_material_construcao (construcao_id, material_construcao_id, quantidade) values (7, 821, 526);
insert into construcao_usa_material_construcao (construcao_id, material_construcao_id, quantidade) values (5, 534, 927);
insert into construcao_usa_material_construcao (construcao_id, material_construcao_id, quantidade) values (2, 599, 495);
insert into construcao_usa_material_construcao (construcao_id, material_construcao_id, quantidade) values (2, 939, 495);
insert into construcao_usa_material_construcao (construcao_id, material_construcao_id, quantidade) values (3, 934, 712);
insert into construcao_usa_material_construcao (construcao_id, material_construcao_id, quantidade) values (6, 563, 6);
insert into construcao_usa_material_construcao (construcao_id, material_construcao_id, quantidade) values (1, 342, 660);
insert into construcao_usa_material_construcao (construcao_id, material_construcao_id, quantidade) values (6, 917, 654);
insert into construcao_usa_material_construcao (construcao_id, material_construcao_id, quantidade) values (4, 812, 202);
insert into construcao_usa_material_construcao (construcao_id, material_construcao_id, quantidade) values (2, 96, 967);
insert into construcao_usa_material_construcao (construcao_id, material_construcao_id, quantidade) values (5, 102, 338);
insert into construcao_usa_material_construcao (construcao_id, material_construcao_id, quantidade) values (1, 915, 923);
insert into construcao_usa_material_construcao (construcao_id, material_construcao_id, quantidade) values (4, 707, 633);
insert into construcao_usa_material_construcao (construcao_id, material_construcao_id, quantidade) values (5, 423, 46);
insert into construcao_usa_material_construcao (construcao_id, material_construcao_id, quantidade) values (7, 996, 294);
insert into construcao_usa_material_construcao (construcao_id, material_construcao_id, quantidade) values (4, 907, 469);
insert into construcao_usa_material_construcao (construcao_id, material_construcao_id, quantidade) values (3, 152, 557);
insert into construcao_usa_material_construcao (construcao_id, material_construcao_id, quantidade) values (6, 162, 927);
insert into construcao_usa_material_construcao (construcao_id, material_construcao_id, quantidade) values (5, 894, 335);
insert into construcao_usa_material_construcao (construcao_id, material_construcao_id, quantidade) values (3, 379, 365);
insert into construcao_usa_material_construcao (construcao_id, material_construcao_id, quantidade) values (1, 119, 471);
insert into construcao_usa_material_construcao (construcao_id, material_construcao_id, quantidade) values (4, 776, 980);
insert into construcao_usa_material_construcao (construcao_id, material_construcao_id, quantidade) values (2, 276, 536);
insert into construcao_usa_material_construcao (construcao_id, material_construcao_id, quantidade) values (7, 347, 60);
insert into construcao_usa_material_construcao (construcao_id, material_construcao_id, quantidade) values (3, 700, 891);
insert into construcao_usa_material_construcao (construcao_id, material_construcao_id, quantidade) values (5, 897, 174);
insert into construcao_usa_material_construcao (construcao_id, material_construcao_id, quantidade) values (5, 822, 678);
insert into construcao_usa_material_construcao (construcao_id, material_construcao_id, quantidade) values (3, 98, 119);
insert into construcao_usa_material_construcao (construcao_id, material_construcao_id, quantidade) values (5, 947, 596);
insert into construcao_usa_material_construcao (construcao_id, material_construcao_id, quantidade) values (4, 611, 477);
insert into construcao_usa_material_construcao (construcao_id, material_construcao_id, quantidade) values (7, 811, 474);
insert into construcao_usa_material_construcao (construcao_id, material_construcao_id, quantidade) values (6, 562, 590);
insert into construcao_usa_material_construcao (construcao_id, material_construcao_id, quantidade) values (6, 132, 684);
insert into construcao_usa_material_construcao (construcao_id, material_construcao_id, quantidade) values (6, 248, 140);
insert into construcao_usa_material_construcao (construcao_id, material_construcao_id, quantidade) values (7, 862, 871);
insert into construcao_usa_material_construcao (construcao_id, material_construcao_id, quantidade) values (7, 415, 85);
insert into construcao_usa_material_construcao (construcao_id, material_construcao_id, quantidade) values (5, 237, 283);
insert into construcao_usa_material_construcao (construcao_id, material_construcao_id, quantidade) values (5, 605, 431);
insert into construcao_usa_material_construcao (construcao_id, material_construcao_id, quantidade) values (7, 614, 409);
insert into construcao_usa_material_construcao (construcao_id, material_construcao_id, quantidade) values (4, 556, 281);
insert into construcao_usa_material_construcao (construcao_id, material_construcao_id, quantidade) values (6, 197, 949);
insert into construcao_usa_material_construcao (construcao_id, material_construcao_id, quantidade) values (2, 122, 750);
insert into construcao_usa_material_construcao (construcao_id, material_construcao_id, quantidade) values (1, 696, 207);
insert into construcao_usa_material_construcao (construcao_id, material_construcao_id, quantidade) values (7, 257, 534);
insert into construcao_usa_material_construcao (construcao_id, material_construcao_id, quantidade) values (3, 319, 402);
insert into construcao_usa_material_construcao (construcao_id, material_construcao_id, quantidade) values (5, 870, 220);
insert into construcao_usa_material_construcao (construcao_id, material_construcao_id, quantidade) values (3, 177, 738);
insert into construcao_usa_material_construcao (construcao_id, material_construcao_id, quantidade) values (7, 356, 588);
insert into construcao_usa_material_construcao (construcao_id, material_construcao_id, quantidade) values (5, 613, 355);
insert into construcao_usa_material_construcao (construcao_id, material_construcao_id, quantidade) values (3, 86, 531);
insert into construcao_usa_material_construcao (construcao_id, material_construcao_id, quantidade) values (5, 710, 840);
insert into construcao_usa_material_construcao (construcao_id, material_construcao_id, quantidade) values (1, 875, 693);
insert into construcao_usa_material_construcao (construcao_id, material_construcao_id, quantidade) values (5, 123, 728);
insert into construcao_usa_material_construcao (construcao_id, material_construcao_id, quantidade) values (6, 546, 940);
insert into construcao_usa_material_construcao (construcao_id, material_construcao_id, quantidade) values (5, 974, 958);
insert into construcao_usa_material_construcao (construcao_id, material_construcao_id, quantidade) values (1, 660, 215);
insert into construcao_usa_material_construcao (construcao_id, material_construcao_id, quantidade) values (4, 101, 190);
insert into construcao_usa_material_construcao (construcao_id, material_construcao_id, quantidade) values (4, 64, 853);
insert into construcao_usa_material_construcao (construcao_id, material_construcao_id, quantidade) values (2, 968, 90);
insert into construcao_usa_material_construcao (construcao_id, material_construcao_id, quantidade) values (6, 267, 32);
insert into construcao_usa_material_construcao (construcao_id, material_construcao_id, quantidade) values (4, 415, 885);
insert into construcao_usa_material_construcao (construcao_id, material_construcao_id, quantidade) values (6, 651, 394);
insert into construcao_usa_material_construcao (construcao_id, material_construcao_id, quantidade) values (2, 92, 502);
insert into construcao_usa_material_construcao (construcao_id, material_construcao_id, quantidade) values (6, 690, 671);
insert into construcao_usa_material_construcao (construcao_id, material_construcao_id, quantidade) values (1, 25, 973);
insert into construcao_usa_material_construcao (construcao_id, material_construcao_id, quantidade) values (6, 312, 351);
insert into construcao_usa_material_construcao (construcao_id, material_construcao_id, quantidade) values (2, 395, 778);
insert into construcao_usa_material_construcao (construcao_id, material_construcao_id, quantidade) values (7, 937, 991);
insert into construcao_usa_material_construcao (construcao_id, material_construcao_id, quantidade) values (7, 133, 29);
insert into construcao_usa_material_construcao (construcao_id, material_construcao_id, quantidade) values (7, 711, 228);
insert into construcao_usa_material_construcao (construcao_id, material_construcao_id, quantidade) values (3, 246, 516);
insert into construcao_usa_material_construcao (construcao_id, material_construcao_id, quantidade) values (3, 136, 465);
insert into construcao_usa_material_construcao (construcao_id, material_construcao_id, quantidade) values (2, 797, 481);
insert into construcao_usa_material_construcao (construcao_id, material_construcao_id, quantidade) values (6, 142, 471);
insert into construcao_usa_material_construcao (construcao_id, material_construcao_id, quantidade) values (3, 695, 756);
insert into construcao_usa_material_construcao (construcao_id, material_construcao_id, quantidade) values (3, 980, 677);
insert into construcao_usa_material_construcao (construcao_id, material_construcao_id, quantidade) values (1, 143, 762);
insert into construcao_usa_material_construcao (construcao_id, material_construcao_id, quantidade) values (4, 327, 253);
insert into construcao_usa_material_construcao (construcao_id, material_construcao_id, quantidade) values (3, 560, 786);
insert into construcao_usa_material_construcao (construcao_id, material_construcao_id, quantidade) values (5, 423, 360);
insert into construcao_usa_material_construcao (construcao_id, material_construcao_id, quantidade) values (2, 331, 837);
insert into construcao_usa_material_construcao (construcao_id, material_construcao_id, quantidade) values (4, 931, 222);
insert into construcao_usa_material_construcao (construcao_id, material_construcao_id, quantidade) values (5, 293, 704);
insert into construcao_usa_material_construcao (construcao_id, material_construcao_id, quantidade) values (1, 61, 228);
insert into construcao_usa_material_construcao (construcao_id, material_construcao_id, quantidade) values (7, 444, 967);
insert into construcao_usa_material_construcao (construcao_id, material_construcao_id, quantidade) values (2, 366, 760);
insert into construcao_usa_material_construcao (construcao_id, material_construcao_id, quantidade) values (6, 355, 206);
insert into construcao_usa_material_construcao (construcao_id, material_construcao_id, quantidade) values (4, 957, 40);
insert into construcao_usa_material_construcao (construcao_id, material_construcao_id, quantidade) values (1, 123, 82);
insert into construcao_usa_material_construcao (construcao_id, material_construcao_id, quantidade) values (6, 89, 271);
insert into construcao_usa_material_construcao (construcao_id, material_construcao_id, quantidade) values (1, 399, 200);
insert into construcao_usa_material_construcao (construcao_id, material_construcao_id, quantidade) values (6, 988, 571);
insert into construcao_usa_material_construcao (construcao_id, material_construcao_id, quantidade) values (2, 360, 791);
insert into construcao_usa_material_construcao (construcao_id, material_construcao_id, quantidade) values (5, 182, 506);
insert into construcao_usa_material_construcao (construcao_id, material_construcao_id, quantidade) values (1, 679, 670);
insert into construcao_usa_material_construcao (construcao_id, material_construcao_id, quantidade) values (1, 259, 283);
insert into construcao_usa_material_construcao (construcao_id, material_construcao_id, quantidade) values (4, 891, 134);
insert into construcao_usa_material_construcao (construcao_id, material_construcao_id, quantidade) values (1, 158, 235);
insert into construcao_usa_material_construcao (construcao_id, material_construcao_id, quantidade) values (4, 659, 73);
insert into construcao_usa_material_construcao (construcao_id, material_construcao_id, quantidade) values (7, 944, 722);
insert into construcao_usa_material_construcao (construcao_id, material_construcao_id, quantidade) values (1, 976, 181);
insert into construcao_usa_material_construcao (construcao_id, material_construcao_id, quantidade) values (7, 365, 428);
insert into construcao_usa_material_construcao (construcao_id, material_construcao_id, quantidade) values (1, 751, 198);
insert into construcao_usa_material_construcao (construcao_id, material_construcao_id, quantidade) values (4, 840, 964);
insert into construcao_usa_material_construcao (construcao_id, material_construcao_id, quantidade) values (4, 962, 963);
insert into construcao_usa_material_construcao (construcao_id, material_construcao_id, quantidade) values (5, 363, 877);
insert into construcao_usa_material_construcao (construcao_id, material_construcao_id, quantidade) values (5, 428, 560);
insert into construcao_usa_material_construcao (construcao_id, material_construcao_id, quantidade) values (5, 910, 733);
insert into construcao_usa_material_construcao (construcao_id, material_construcao_id, quantidade) values (6, 255, 958);
insert into construcao_usa_material_construcao (construcao_id, material_construcao_id, quantidade) values (5, 178, 821);
insert into construcao_usa_material_construcao (construcao_id, material_construcao_id, quantidade) values (2, 143, 952);
insert into construcao_usa_material_construcao (construcao_id, material_construcao_id, quantidade) values (4, 431, 14);
