DROP DATABASE IF EXISTS av;
CREATE DATABASE av;
USE av;

create table material_construcao (
	id INT AUTO_INCREMENT PRIMARY KEY NOT NULL,
	nome VARCHAR(50),
	valor FLOAT
)ENGINE = InnoDB;

CREATE TABLE construcao(
	id INT AUTO_INCREMENT PRIMARY KEY NOT NULL,
	nome VARCHAR(500),
    previsao_entrega DATE NOT NULL
)ENGINE = InnoDB;

CREATE TABLE construcao_usa_material_construcao(
	id INT AUTO_INCREMENT PRIMARY KEY NOT NULL,
	construcao_id INT,
    material_construcao_id INT,
    quantidade INT,
    FOREIGN KEY FK_DASJAJLDSA (construcao_id) REFERENCES construcao(id),
    FOREIGN KEY FK_DASJSADAJLDSA (material_construcao_id) REFERENCES material_construcao(id)
)ENGINE = InnoDB;

insert into construcao (id, nome, previsao_entrega) values (1, 'Indianapolis', '2031-05-18');
insert into construcao (id, nome, previsao_entrega) values (2, 'Kimry', '2023-04-28');
insert into construcao (id, nome, previsao_entrega) values (3, 'Sishui', '2031-02-06');
insert into construcao (id, nome, previsao_entrega) values (4, 'Pashkovskiy', '2053-10-24');
insert into construcao (id, nome, previsao_entrega) values (5, 'Fornelos', '2044-05-18');
insert into construcao (id, nome, previsao_entrega) values (6, 'Jalingo', '2036-08-17');
insert into construcao (id, nome, previsao_entrega) values (7, 'Desespero do Aluno', '2035-04-19');

insert into material_construcao (id, nome, valor) values (1, 'Wood', 988.97);
insert into material_construcao (id, nome, valor) values (2, 'Plastic', 446.21);
insert into material_construcao (id, nome, valor) values (3, 'Glass', 372.47);
insert into material_construcao (id, nome, valor) values (4, 'Plexiglass', 66.27);
insert into material_construcao (id, nome, valor) values (5, 'Vinyl', 647.14);
insert into material_construcao (id, nome, valor) values (6, 'Brass', 752.78);
insert into material_construcao (id, nome, valor) values (7, 'Glass', 641.59);
insert into material_construcao (id, nome, valor) values (8, 'Stone', 761.86);
insert into material_construcao (id, nome, valor) values (9, 'Brass', 86.89);
insert into material_construcao (id, nome, valor) values (10, 'Plexiglass', 299.19);
insert into material_construcao (id, nome, valor) values (11, 'Brass', 959.24);
insert into material_construcao (id, nome, valor) values (12, 'Plastic', 406.36);
insert into material_construcao (id, nome, valor) values (13, 'Stone', 654.63);
insert into material_construcao (id, nome, valor) values (14, 'Rubber', 317.89);
insert into material_construcao (id, nome, valor) values (15, 'Aluminum', 40.73);
insert into material_construcao (id, nome, valor) values (16, 'Glass', 973.41);
insert into material_construcao (id, nome, valor) values (17, 'Rubber', 101.45);
insert into material_construcao (id, nome, valor) values (18, 'Steel', 348.88);
insert into material_construcao (id, nome, valor) values (19, 'Brass', 820.42);
insert into material_construcao (id, nome, valor) values (20, 'Stone', 256.59);

insert into construcao_usa_material_construcao (construcao_id, material_construcao_id, quantidade) values (3, 7, 533);
insert into construcao_usa_material_construcao (construcao_id, material_construcao_id, quantidade) values (3, 12, 774);
insert into construcao_usa_material_construcao (construcao_id, material_construcao_id, quantidade) values (7, 1, 255);
insert into construcao_usa_material_construcao (construcao_id, material_construcao_id, quantidade) values (1, 4, 616);
insert into construcao_usa_material_construcao (construcao_id, material_construcao_id, quantidade) values (3, 14, 468);
insert into construcao_usa_material_construcao (construcao_id, material_construcao_id, quantidade) values (2, 9, 114);
insert into construcao_usa_material_construcao (construcao_id, material_construcao_id, quantidade) values (3, 1, 562);
insert into construcao_usa_material_construcao (construcao_id, material_construcao_id, quantidade) values (5, 5, 412);
insert into construcao_usa_material_construcao (construcao_id, material_construcao_id, quantidade) values (5, 5, 233);
insert into construcao_usa_material_construcao (construcao_id, material_construcao_id, quantidade) values (6, 3, 991);
insert into construcao_usa_material_construcao (construcao_id, material_construcao_id, quantidade) values (5, 6, 241);
insert into construcao_usa_material_construcao (construcao_id, material_construcao_id, quantidade) values (6, 8, 628);
insert into construcao_usa_material_construcao (construcao_id, material_construcao_id, quantidade) values (3, 3, 25);
insert into construcao_usa_material_construcao (construcao_id, material_construcao_id, quantidade) values (6, 19, 35);
insert into construcao_usa_material_construcao (construcao_id, material_construcao_id, quantidade) values (5, 20, 83);
insert into construcao_usa_material_construcao (construcao_id, material_construcao_id, quantidade) values (4, 1, 999);
insert into construcao_usa_material_construcao (construcao_id, material_construcao_id, quantidade) values (3, 3, 889);
insert into construcao_usa_material_construcao (construcao_id, material_construcao_id, quantidade) values (5, 12, 653);
insert into construcao_usa_material_construcao (construcao_id, material_construcao_id, quantidade) values (7, 7, 223);
insert into construcao_usa_material_construcao (construcao_id, material_construcao_id, quantidade) values (3, 5, 478);
insert into construcao_usa_material_construcao (construcao_id, material_construcao_id, quantidade) values (7, 2, 980);
insert into construcao_usa_material_construcao (construcao_id, material_construcao_id, quantidade) values (7, 4, 260);
insert into construcao_usa_material_construcao (construcao_id, material_construcao_id, quantidade) values (1, 13, 291);
insert into construcao_usa_material_construcao (construcao_id, material_construcao_id, quantidade) values (3, 15, 594);
insert into construcao_usa_material_construcao (construcao_id, material_construcao_id, quantidade) values (6, 16, 849);
insert into construcao_usa_material_construcao (construcao_id, material_construcao_id, quantidade) values (4, 3, 870);
insert into construcao_usa_material_construcao (construcao_id, material_construcao_id, quantidade) values (6, 15, 311);
insert into construcao_usa_material_construcao (construcao_id, material_construcao_id, quantidade) values (6, 15, 111);
insert into construcao_usa_material_construcao (construcao_id, material_construcao_id, quantidade) values (6, 7, 874);
insert into construcao_usa_material_construcao (construcao_id, material_construcao_id, quantidade) values (7, 15, 499);
insert into construcao_usa_material_construcao (construcao_id, material_construcao_id, quantidade) values (3, 4, 270);
insert into construcao_usa_material_construcao (construcao_id, material_construcao_id, quantidade) values (4, 9, 67);
insert into construcao_usa_material_construcao (construcao_id, material_construcao_id, quantidade) values (7, 3, 831);
insert into construcao_usa_material_construcao (construcao_id, material_construcao_id, quantidade) values (7, 18, 933);
insert into construcao_usa_material_construcao (construcao_id, material_construcao_id, quantidade) values (2, 16, 711);
insert into construcao_usa_material_construcao (construcao_id, material_construcao_id, quantidade) values (4, 10, 893);
insert into construcao_usa_material_construcao (construcao_id, material_construcao_id, quantidade) values (7, 4, 542);
insert into construcao_usa_material_construcao (construcao_id, material_construcao_id, quantidade) values (5, 12, 243);
insert into construcao_usa_material_construcao (construcao_id, material_construcao_id, quantidade) values (5, 20, 850);
insert into construcao_usa_material_construcao (construcao_id, material_construcao_id, quantidade) values (6, 1, 588);
insert into construcao_usa_material_construcao (construcao_id, material_construcao_id, quantidade) values (5, 4, 833);
insert into construcao_usa_material_construcao (construcao_id, material_construcao_id, quantidade) values (1, 14, 458);
insert into construcao_usa_material_construcao (construcao_id, material_construcao_id, quantidade) values (6, 10, 336);
insert into construcao_usa_material_construcao (construcao_id, material_construcao_id, quantidade) values (2, 20, 336);
insert into construcao_usa_material_construcao (construcao_id, material_construcao_id, quantidade) values (5, 8, 430);
insert into construcao_usa_material_construcao (construcao_id, material_construcao_id, quantidade) values (4, 1, 311);
insert into construcao_usa_material_construcao (construcao_id, material_construcao_id, quantidade) values (3, 6, 770);
insert into construcao_usa_material_construcao (construcao_id, material_construcao_id, quantidade) values (6, 7, 229);
insert into construcao_usa_material_construcao (construcao_id, material_construcao_id, quantidade) values (7, 13, 579);
insert into construcao_usa_material_construcao (construcao_id, material_construcao_id, quantidade) values (1, 15, 168);
insert into construcao_usa_material_construcao (construcao_id, material_construcao_id, quantidade) values (6, 5, 987);
insert into construcao_usa_material_construcao (construcao_id, material_construcao_id, quantidade) values (7, 14, 814);
insert into construcao_usa_material_construcao (construcao_id, material_construcao_id, quantidade) values (7, 19, 52);
insert into construcao_usa_material_construcao (construcao_id, material_construcao_id, quantidade) values (3, 1, 324);
insert into construcao_usa_material_construcao (construcao_id, material_construcao_id, quantidade) values (6, 1, 212);
insert into construcao_usa_material_construcao (construcao_id, material_construcao_id, quantidade) values (1, 6, 343);
insert into construcao_usa_material_construcao (construcao_id, material_construcao_id, quantidade) values (3, 14, 626);
insert into construcao_usa_material_construcao (construcao_id, material_construcao_id, quantidade) values (3, 18, 549);
insert into construcao_usa_material_construcao (construcao_id, material_construcao_id, quantidade) values (6, 16, 773);
insert into construcao_usa_material_construcao (construcao_id, material_construcao_id, quantidade) values (5, 3, 877);
insert into construcao_usa_material_construcao (construcao_id, material_construcao_id, quantidade) values (7, 3, 1000);
insert into construcao_usa_material_construcao (construcao_id, material_construcao_id, quantidade) values (6, 12, 866);
insert into construcao_usa_material_construcao (construcao_id, material_construcao_id, quantidade) values (6, 18, 758);
insert into construcao_usa_material_construcao (construcao_id, material_construcao_id, quantidade) values (4, 10, 331);
insert into construcao_usa_material_construcao (construcao_id, material_construcao_id, quantidade) values (4, 19, 406);
insert into construcao_usa_material_construcao (construcao_id, material_construcao_id, quantidade) values (5, 2, 908);
insert into construcao_usa_material_construcao (construcao_id, material_construcao_id, quantidade) values (6, 18, 195);
insert into construcao_usa_material_construcao (construcao_id, material_construcao_id, quantidade) values (6, 13, 838);
insert into construcao_usa_material_construcao (construcao_id, material_construcao_id, quantidade) values (6, 12, 944);
insert into construcao_usa_material_construcao (construcao_id, material_construcao_id, quantidade) values (3, 19, 879);
insert into construcao_usa_material_construcao (construcao_id, material_construcao_id, quantidade) values (1, 15, 170);
insert into construcao_usa_material_construcao (construcao_id, material_construcao_id, quantidade) values (5, 6, 169);
insert into construcao_usa_material_construcao (construcao_id, material_construcao_id, quantidade) values (1, 15, 417);
insert into construcao_usa_material_construcao (construcao_id, material_construcao_id, quantidade) values (7, 7, 839);
insert into construcao_usa_material_construcao (construcao_id, material_construcao_id, quantidade) values (3, 6, 807);
insert into construcao_usa_material_construcao (construcao_id, material_construcao_id, quantidade) values (5, 17, 904);
insert into construcao_usa_material_construcao (construcao_id, material_construcao_id, quantidade) values (1, 3, 611);
insert into construcao_usa_material_construcao (construcao_id, material_construcao_id, quantidade) values (1, 2, 556);
insert into construcao_usa_material_construcao (construcao_id, material_construcao_id, quantidade) values (4, 1, 633);
insert into construcao_usa_material_construcao (construcao_id, material_construcao_id, quantidade) values (7, 4, 358);
insert into construcao_usa_material_construcao (construcao_id, material_construcao_id, quantidade) values (3, 14, 674);
insert into construcao_usa_material_construcao (construcao_id, material_construcao_id, quantidade) values (4, 9, 34);
insert into construcao_usa_material_construcao (construcao_id, material_construcao_id, quantidade) values (1, 16, 417);
insert into construcao_usa_material_construcao (construcao_id, material_construcao_id, quantidade) values (2, 10, 183);
insert into construcao_usa_material_construcao (construcao_id, material_construcao_id, quantidade) values (7, 3, 300);
insert into construcao_usa_material_construcao (construcao_id, material_construcao_id, quantidade) values (1, 1, 495);
insert into construcao_usa_material_construcao (construcao_id, material_construcao_id, quantidade) values (4, 12, 378);
insert into construcao_usa_material_construcao (construcao_id, material_construcao_id, quantidade) values (3, 8, 511);
insert into construcao_usa_material_construcao (construcao_id, material_construcao_id, quantidade) values (2, 19, 125);
insert into construcao_usa_material_construcao (construcao_id, material_construcao_id, quantidade) values (4, 15, 725);
insert into construcao_usa_material_construcao (construcao_id, material_construcao_id, quantidade) values (2, 5, 871);
insert into construcao_usa_material_construcao (construcao_id, material_construcao_id, quantidade) values (5, 2, 537);
insert into construcao_usa_material_construcao (construcao_id, material_construcao_id, quantidade) values (4, 20, 783);
insert into construcao_usa_material_construcao (construcao_id, material_construcao_id, quantidade) values (3, 19, 99);
insert into construcao_usa_material_construcao (construcao_id, material_construcao_id, quantidade) values (3, 2, 72);
insert into construcao_usa_material_construcao (construcao_id, material_construcao_id, quantidade) values (6, 6, 44);
insert into construcao_usa_material_construcao (construcao_id, material_construcao_id, quantidade) values (5, 13, 41);
insert into construcao_usa_material_construcao (construcao_id, material_construcao_id, quantidade) values (2, 17, 66);
insert into construcao_usa_material_construcao (construcao_id, material_construcao_id, quantidade) values (3, 1, 311);
insert into construcao_usa_material_construcao (construcao_id, material_construcao_id, quantidade) values (4, 18, 739);
insert into construcao_usa_material_construcao (construcao_id, material_construcao_id, quantidade) values (4, 10, 839);
insert into construcao_usa_material_construcao (construcao_id, material_construcao_id, quantidade) values (2, 2, 620);
insert into construcao_usa_material_construcao (construcao_id, material_construcao_id, quantidade) values (3, 13, 168);
insert into construcao_usa_material_construcao (construcao_id, material_construcao_id, quantidade) values (1, 17, 635);
insert into construcao_usa_material_construcao (construcao_id, material_construcao_id, quantidade) values (5, 1, 866);
insert into construcao_usa_material_construcao (construcao_id, material_construcao_id, quantidade) values (5, 3, 254);
insert into construcao_usa_material_construcao (construcao_id, material_construcao_id, quantidade) values (2, 17, 558);
insert into construcao_usa_material_construcao (construcao_id, material_construcao_id, quantidade) values (2, 19, 133);
insert into construcao_usa_material_construcao (construcao_id, material_construcao_id, quantidade) values (7, 14, 793);
insert into construcao_usa_material_construcao (construcao_id, material_construcao_id, quantidade) values (4, 18, 923);
insert into construcao_usa_material_construcao (construcao_id, material_construcao_id, quantidade) values (5, 3, 601);
insert into construcao_usa_material_construcao (construcao_id, material_construcao_id, quantidade) values (2, 1, 285);
insert into construcao_usa_material_construcao (construcao_id, material_construcao_id, quantidade) values (3, 2, 442);
insert into construcao_usa_material_construcao (construcao_id, material_construcao_id, quantidade) values (4, 9, 606);
insert into construcao_usa_material_construcao (construcao_id, material_construcao_id, quantidade) values (2, 7, 538);
insert into construcao_usa_material_construcao (construcao_id, material_construcao_id, quantidade) values (6, 11, 183);
insert into construcao_usa_material_construcao (construcao_id, material_construcao_id, quantidade) values (3, 4, 133);
insert into construcao_usa_material_construcao (construcao_id, material_construcao_id, quantidade) values (6, 1, 45);
insert into construcao_usa_material_construcao (construcao_id, material_construcao_id, quantidade) values (4, 15, 283);
insert into construcao_usa_material_construcao (construcao_id, material_construcao_id, quantidade) values (2, 3, 175);
insert into construcao_usa_material_construcao (construcao_id, material_construcao_id, quantidade) values (4, 11, 297);
insert into construcao_usa_material_construcao (construcao_id, material_construcao_id, quantidade) values (3, 1, 472);
insert into construcao_usa_material_construcao (construcao_id, material_construcao_id, quantidade) values (5, 1, 123);
insert into construcao_usa_material_construcao (construcao_id, material_construcao_id, quantidade) values (2, 20, 184);
insert into construcao_usa_material_construcao (construcao_id, material_construcao_id, quantidade) values (6, 17, 3);
insert into construcao_usa_material_construcao (construcao_id, material_construcao_id, quantidade) values (2, 10, 373);
insert into construcao_usa_material_construcao (construcao_id, material_construcao_id, quantidade) values (6, 15, 269);
insert into construcao_usa_material_construcao (construcao_id, material_construcao_id, quantidade) values (2, 17, 130);
insert into construcao_usa_material_construcao (construcao_id, material_construcao_id, quantidade) values (2, 8, 479);
insert into construcao_usa_material_construcao (construcao_id, material_construcao_id, quantidade) values (3, 20, 821);
insert into construcao_usa_material_construcao (construcao_id, material_construcao_id, quantidade) values (4, 11, 772);
insert into construcao_usa_material_construcao (construcao_id, material_construcao_id, quantidade) values (4, 10, 268);
insert into construcao_usa_material_construcao (construcao_id, material_construcao_id, quantidade) values (3, 12, 81);
insert into construcao_usa_material_construcao (construcao_id, material_construcao_id, quantidade) values (3, 1, 276);
insert into construcao_usa_material_construcao (construcao_id, material_construcao_id, quantidade) values (5, 9, 152);
insert into construcao_usa_material_construcao (construcao_id, material_construcao_id, quantidade) values (2, 3, 168);
insert into construcao_usa_material_construcao (construcao_id, material_construcao_id, quantidade) values (6, 5, 84);
insert into construcao_usa_material_construcao (construcao_id, material_construcao_id, quantidade) values (4, 12, 576);
insert into construcao_usa_material_construcao (construcao_id, material_construcao_id, quantidade) values (5, 5, 962);
insert into construcao_usa_material_construcao (construcao_id, material_construcao_id, quantidade) values (5, 12, 372);
insert into construcao_usa_material_construcao (construcao_id, material_construcao_id, quantidade) values (4, 13, 299);
insert into construcao_usa_material_construcao (construcao_id, material_construcao_id, quantidade) values (1, 11, 344);
insert into construcao_usa_material_construcao (construcao_id, material_construcao_id, quantidade) values (3, 7, 981);
insert into construcao_usa_material_construcao (construcao_id, material_construcao_id, quantidade) values (3, 19, 522);
insert into construcao_usa_material_construcao (construcao_id, material_construcao_id, quantidade) values (7, 1, 795);
insert into construcao_usa_material_construcao (construcao_id, material_construcao_id, quantidade) values (3, 20, 912);
insert into construcao_usa_material_construcao (construcao_id, material_construcao_id, quantidade) values (1, 16, 644);
insert into construcao_usa_material_construcao (construcao_id, material_construcao_id, quantidade) values (4, 14, 293);
insert into construcao_usa_material_construcao (construcao_id, material_construcao_id, quantidade) values (5, 5, 30);
insert into construcao_usa_material_construcao (construcao_id, material_construcao_id, quantidade) values (5, 1, 823);
insert into construcao_usa_material_construcao (construcao_id, material_construcao_id, quantidade) values (6, 18, 204);
insert into construcao_usa_material_construcao (construcao_id, material_construcao_id, quantidade) values (2, 12, 663);
insert into construcao_usa_material_construcao (construcao_id, material_construcao_id, quantidade) values (6, 8, 504);
insert into construcao_usa_material_construcao (construcao_id, material_construcao_id, quantidade) values (4, 17, 119);
insert into construcao_usa_material_construcao (construcao_id, material_construcao_id, quantidade) values (7, 4, 648);
insert into construcao_usa_material_construcao (construcao_id, material_construcao_id, quantidade) values (4, 11, 738);
insert into construcao_usa_material_construcao (construcao_id, material_construcao_id, quantidade) values (6, 9, 923);
insert into construcao_usa_material_construcao (construcao_id, material_construcao_id, quantidade) values (7, 15, 109);
insert into construcao_usa_material_construcao (construcao_id, material_construcao_id, quantidade) values (5, 3, 963);
insert into construcao_usa_material_construcao (construcao_id, material_construcao_id, quantidade) values (6, 17, 770);
insert into construcao_usa_material_construcao (construcao_id, material_construcao_id, quantidade) values (3, 6, 965);
insert into construcao_usa_material_construcao (construcao_id, material_construcao_id, quantidade) values (1, 9, 657);
insert into construcao_usa_material_construcao (construcao_id, material_construcao_id, quantidade) values (5, 4, 812);
insert into construcao_usa_material_construcao (construcao_id, material_construcao_id, quantidade) values (5, 15, 123);
insert into construcao_usa_material_construcao (construcao_id, material_construcao_id, quantidade) values (5, 7, 422);
insert into construcao_usa_material_construcao (construcao_id, material_construcao_id, quantidade) values (4, 16, 211);
insert into construcao_usa_material_construcao (construcao_id, material_construcao_id, quantidade) values (5, 10, 151);
insert into construcao_usa_material_construcao (construcao_id, material_construcao_id, quantidade) values (2, 17, 169);
insert into construcao_usa_material_construcao (construcao_id, material_construcao_id, quantidade) values (4, 15, 620);
insert into construcao_usa_material_construcao (construcao_id, material_construcao_id, quantidade) values (5, 6, 720);
insert into construcao_usa_material_construcao (construcao_id, material_construcao_id, quantidade) values (1, 6, 502);
insert into construcao_usa_material_construcao (construcao_id, material_construcao_id, quantidade) values (5, 12, 897);
insert into construcao_usa_material_construcao (construcao_id, material_construcao_id, quantidade) values (7, 15, 826);
insert into construcao_usa_material_construcao (construcao_id, material_construcao_id, quantidade) values (7, 3, 353);
insert into construcao_usa_material_construcao (construcao_id, material_construcao_id, quantidade) values (5, 13, 271);
insert into construcao_usa_material_construcao (construcao_id, material_construcao_id, quantidade) values (1, 20, 505);
insert into construcao_usa_material_construcao (construcao_id, material_construcao_id, quantidade) values (5, 13, 595);
insert into construcao_usa_material_construcao (construcao_id, material_construcao_id, quantidade) values (3, 12, 161);
insert into construcao_usa_material_construcao (construcao_id, material_construcao_id, quantidade) values (3, 17, 511);
insert into construcao_usa_material_construcao (construcao_id, material_construcao_id, quantidade) values (5, 3, 392);
insert into construcao_usa_material_construcao (construcao_id, material_construcao_id, quantidade) values (3, 19, 680);
insert into construcao_usa_material_construcao (construcao_id, material_construcao_id, quantidade) values (1, 19, 908);
insert into construcao_usa_material_construcao (construcao_id, material_construcao_id, quantidade) values (6, 9, 216);
insert into construcao_usa_material_construcao (construcao_id, material_construcao_id, quantidade) values (1, 13, 767);
insert into construcao_usa_material_construcao (construcao_id, material_construcao_id, quantidade) values (3, 4, 903);
insert into construcao_usa_material_construcao (construcao_id, material_construcao_id, quantidade) values (6, 6, 626);
insert into construcao_usa_material_construcao (construcao_id, material_construcao_id, quantidade) values (4, 12, 221);
insert into construcao_usa_material_construcao (construcao_id, material_construcao_id, quantidade) values (2, 18, 941);
insert into construcao_usa_material_construcao (construcao_id, material_construcao_id, quantidade) values (4, 13, 269);
insert into construcao_usa_material_construcao (construcao_id, material_construcao_id, quantidade) values (2, 16, 608);
insert into construcao_usa_material_construcao (construcao_id, material_construcao_id, quantidade) values (6, 19, 958);
insert into construcao_usa_material_construcao (construcao_id, material_construcao_id, quantidade) values (6, 20, 352);
insert into construcao_usa_material_construcao (construcao_id, material_construcao_id, quantidade) values (3, 15, 422);
insert into construcao_usa_material_construcao (construcao_id, material_construcao_id, quantidade) values (7, 18, 123);
insert into construcao_usa_material_construcao (construcao_id, material_construcao_id, quantidade) values (5, 2, 376);
insert into construcao_usa_material_construcao (construcao_id, material_construcao_id, quantidade) values (6, 4, 40);
insert into construcao_usa_material_construcao (construcao_id, material_construcao_id, quantidade) values (5, 18, 993);
insert into construcao_usa_material_construcao (construcao_id, material_construcao_id, quantidade) values (7, 7, 927);
insert into construcao_usa_material_construcao (construcao_id, material_construcao_id, quantidade) values (3, 15, 978);
insert into construcao_usa_material_construcao (construcao_id, material_construcao_id, quantidade) values (4, 10, 15);
insert into construcao_usa_material_construcao (construcao_id, material_construcao_id, quantidade) values (2, 6, 983);
insert into construcao_usa_material_construcao (construcao_id, material_construcao_id, quantidade) values (4, 2, 906);
insert into construcao_usa_material_construcao (construcao_id, material_construcao_id, quantidade) values (5, 11, 721);
insert into construcao_usa_material_construcao (construcao_id, material_construcao_id, quantidade) values (1, 18, 867);
insert into construcao_usa_material_construcao (construcao_id, material_construcao_id, quantidade) values (5, 4, 919);
insert into construcao_usa_material_construcao (construcao_id, material_construcao_id, quantidade) values (1, 4, 376);
insert into construcao_usa_material_construcao (construcao_id, material_construcao_id, quantidade) values (7, 18, 232);
insert into construcao_usa_material_construcao (construcao_id, material_construcao_id, quantidade) values (1, 12, 476);
insert into construcao_usa_material_construcao (construcao_id, material_construcao_id, quantidade) values (3, 9, 405);
insert into construcao_usa_material_construcao (construcao_id, material_construcao_id, quantidade) values (1, 9, 243);
insert into construcao_usa_material_construcao (construcao_id, material_construcao_id, quantidade) values (2, 8, 480);
insert into construcao_usa_material_construcao (construcao_id, material_construcao_id, quantidade) values (6, 6, 78);
insert into construcao_usa_material_construcao (construcao_id, material_construcao_id, quantidade) values (3, 18, 97);
insert into construcao_usa_material_construcao (construcao_id, material_construcao_id, quantidade) values (2, 3, 148);
insert into construcao_usa_material_construcao (construcao_id, material_construcao_id, quantidade) values (2, 3, 430);
insert into construcao_usa_material_construcao (construcao_id, material_construcao_id, quantidade) values (4, 3, 869);
insert into construcao_usa_material_construcao (construcao_id, material_construcao_id, quantidade) values (1, 19, 843);
insert into construcao_usa_material_construcao (construcao_id, material_construcao_id, quantidade) values (1, 20, 931);
insert into construcao_usa_material_construcao (construcao_id, material_construcao_id, quantidade) values (5, 12, 816);
insert into construcao_usa_material_construcao (construcao_id, material_construcao_id, quantidade) values (1, 16, 206);
insert into construcao_usa_material_construcao (construcao_id, material_construcao_id, quantidade) values (4, 7, 280);
insert into construcao_usa_material_construcao (construcao_id, material_construcao_id, quantidade) values (4, 14, 80);
insert into construcao_usa_material_construcao (construcao_id, material_construcao_id, quantidade) values (6, 19, 407);
insert into construcao_usa_material_construcao (construcao_id, material_construcao_id, quantidade) values (2, 12, 670);
insert into construcao_usa_material_construcao (construcao_id, material_construcao_id, quantidade) values (4, 16, 837);
insert into construcao_usa_material_construcao (construcao_id, material_construcao_id, quantidade) values (2, 1, 983);
insert into construcao_usa_material_construcao (construcao_id, material_construcao_id, quantidade) values (7, 12, 939);
insert into construcao_usa_material_construcao (construcao_id, material_construcao_id, quantidade) values (6, 6, 735);
insert into construcao_usa_material_construcao (construcao_id, material_construcao_id, quantidade) values (6, 7, 894);
insert into construcao_usa_material_construcao (construcao_id, material_construcao_id, quantidade) values (7, 20, 715);
insert into construcao_usa_material_construcao (construcao_id, material_construcao_id, quantidade) values (5, 9, 453);
insert into construcao_usa_material_construcao (construcao_id, material_construcao_id, quantidade) values (6, 19, 550);
insert into construcao_usa_material_construcao (construcao_id, material_construcao_id, quantidade) values (5, 13, 821);
insert into construcao_usa_material_construcao (construcao_id, material_construcao_id, quantidade) values (2, 3, 309);
insert into construcao_usa_material_construcao (construcao_id, material_construcao_id, quantidade) values (6, 5, 375);
insert into construcao_usa_material_construcao (construcao_id, material_construcao_id, quantidade) values (5, 20, 221);
insert into construcao_usa_material_construcao (construcao_id, material_construcao_id, quantidade) values (6, 7, 719);
insert into construcao_usa_material_construcao (construcao_id, material_construcao_id, quantidade) values (3, 17, 617);
insert into construcao_usa_material_construcao (construcao_id, material_construcao_id, quantidade) values (4, 12, 911);
insert into construcao_usa_material_construcao (construcao_id, material_construcao_id, quantidade) values (2, 3, 612);
insert into construcao_usa_material_construcao (construcao_id, material_construcao_id, quantidade) values (1, 16, 33);
insert into construcao_usa_material_construcao (construcao_id, material_construcao_id, quantidade) values (3, 13, 76);
insert into construcao_usa_material_construcao (construcao_id, material_construcao_id, quantidade) values (7, 17, 982);
insert into construcao_usa_material_construcao (construcao_id, material_construcao_id, quantidade) values (3, 15, 283);
insert into construcao_usa_material_construcao (construcao_id, material_construcao_id, quantidade) values (5, 17, 71);
insert into construcao_usa_material_construcao (construcao_id, material_construcao_id, quantidade) values (2, 12, 319);
insert into construcao_usa_material_construcao (construcao_id, material_construcao_id, quantidade) values (5, 2, 433);
insert into construcao_usa_material_construcao (construcao_id, material_construcao_id, quantidade) values (1, 17, 958);
insert into construcao_usa_material_construcao (construcao_id, material_construcao_id, quantidade) values (7, 10, 82);
insert into construcao_usa_material_construcao (construcao_id, material_construcao_id, quantidade) values (6, 15, 454);
insert into construcao_usa_material_construcao (construcao_id, material_construcao_id, quantidade) values (3, 2, 484);
insert into construcao_usa_material_construcao (construcao_id, material_construcao_id, quantidade) values (3, 2, 977);
insert into construcao_usa_material_construcao (construcao_id, material_construcao_id, quantidade) values (3, 6, 660);
insert into construcao_usa_material_construcao (construcao_id, material_construcao_id, quantidade) values (6, 7, 793);
insert into construcao_usa_material_construcao (construcao_id, material_construcao_id, quantidade) values (5, 18, 877);
insert into construcao_usa_material_construcao (construcao_id, material_construcao_id, quantidade) values (1, 3, 971);
insert into construcao_usa_material_construcao (construcao_id, material_construcao_id, quantidade) values (3, 9, 589);
insert into construcao_usa_material_construcao (construcao_id, material_construcao_id, quantidade) values (2, 13, 536);
insert into construcao_usa_material_construcao (construcao_id, material_construcao_id, quantidade) values (4, 20, 799);
insert into construcao_usa_material_construcao (construcao_id, material_construcao_id, quantidade) values (6, 18, 542);
insert into construcao_usa_material_construcao (construcao_id, material_construcao_id, quantidade) values (6, 19, 95);
insert into construcao_usa_material_construcao (construcao_id, material_construcao_id, quantidade) values (3, 13, 684);
insert into construcao_usa_material_construcao (construcao_id, material_construcao_id, quantidade) values (4, 1, 117);
insert into construcao_usa_material_construcao (construcao_id, material_construcao_id, quantidade) values (6, 8, 499);
insert into construcao_usa_material_construcao (construcao_id, material_construcao_id, quantidade) values (1, 7, 514);
insert into construcao_usa_material_construcao (construcao_id, material_construcao_id, quantidade) values (7, 8, 456);
insert into construcao_usa_material_construcao (construcao_id, material_construcao_id, quantidade) values (6, 19, 394);
insert into construcao_usa_material_construcao (construcao_id, material_construcao_id, quantidade) values (2, 15, 793);
insert into construcao_usa_material_construcao (construcao_id, material_construcao_id, quantidade) values (1, 8, 471);
insert into construcao_usa_material_construcao (construcao_id, material_construcao_id, quantidade) values (3, 20, 93);
insert into construcao_usa_material_construcao (construcao_id, material_construcao_id, quantidade) values (4, 16, 363);
insert into construcao_usa_material_construcao (construcao_id, material_construcao_id, quantidade) values (1, 1, 329);
insert into construcao_usa_material_construcao (construcao_id, material_construcao_id, quantidade) values (1, 18, 892);
insert into construcao_usa_material_construcao (construcao_id, material_construcao_id, quantidade) values (4, 12, 25);
insert into construcao_usa_material_construcao (construcao_id, material_construcao_id, quantidade) values (2, 7, 47);
insert into construcao_usa_material_construcao (construcao_id, material_construcao_id, quantidade) values (4, 12, 226);
insert into construcao_usa_material_construcao (construcao_id, material_construcao_id, quantidade) values (3, 14, 119);
insert into construcao_usa_material_construcao (construcao_id, material_construcao_id, quantidade) values (2, 17, 319);
insert into construcao_usa_material_construcao (construcao_id, material_construcao_id, quantidade) values (7, 4, 340);
insert into construcao_usa_material_construcao (construcao_id, material_construcao_id, quantidade) values (2, 4, 396);
insert into construcao_usa_material_construcao (construcao_id, material_construcao_id, quantidade) values (5, 18, 855);
insert into construcao_usa_material_construcao (construcao_id, material_construcao_id, quantidade) values (4, 12, 733);
insert into construcao_usa_material_construcao (construcao_id, material_construcao_id, quantidade) values (5, 12, 671);
insert into construcao_usa_material_construcao (construcao_id, material_construcao_id, quantidade) values (4, 18, 528);
insert into construcao_usa_material_construcao (construcao_id, material_construcao_id, quantidade) values (4, 1, 458);
insert into construcao_usa_material_construcao (construcao_id, material_construcao_id, quantidade) values (6, 18, 680);
insert into construcao_usa_material_construcao (construcao_id, material_construcao_id, quantidade) values (4, 4, 357);
insert into construcao_usa_material_construcao (construcao_id, material_construcao_id, quantidade) values (6, 12, 66);
insert into construcao_usa_material_construcao (construcao_id, material_construcao_id, quantidade) values (3, 4, 401);
insert into construcao_usa_material_construcao (construcao_id, material_construcao_id, quantidade) values (7, 8, 138);
insert into construcao_usa_material_construcao (construcao_id, material_construcao_id, quantidade) values (3, 12, 358);
insert into construcao_usa_material_construcao (construcao_id, material_construcao_id, quantidade) values (6, 6, 731);
insert into construcao_usa_material_construcao (construcao_id, material_construcao_id, quantidade) values (1, 3, 233);
insert into construcao_usa_material_construcao (construcao_id, material_construcao_id, quantidade) values (7, 14, 408);
insert into construcao_usa_material_construcao (construcao_id, material_construcao_id, quantidade) values (5, 1, 139);
insert into construcao_usa_material_construcao (construcao_id, material_construcao_id, quantidade) values (2, 16, 788);
insert into construcao_usa_material_construcao (construcao_id, material_construcao_id, quantidade) values (7, 3, 851);
insert into construcao_usa_material_construcao (construcao_id, material_construcao_id, quantidade) values (6, 6, 57);
insert into construcao_usa_material_construcao (construcao_id, material_construcao_id, quantidade) values (4, 18, 847);
insert into construcao_usa_material_construcao (construcao_id, material_construcao_id, quantidade) values (7, 9, 840);
insert into construcao_usa_material_construcao (construcao_id, material_construcao_id, quantidade) values (7, 8, 471);
insert into construcao_usa_material_construcao (construcao_id, material_construcao_id, quantidade) values (1, 19, 365);
insert into construcao_usa_material_construcao (construcao_id, material_construcao_id, quantidade) values (2, 4, 919);
insert into construcao_usa_material_construcao (construcao_id, material_construcao_id, quantidade) values (3, 3, 432);
insert into construcao_usa_material_construcao (construcao_id, material_construcao_id, quantidade) values (7, 18, 686);
insert into construcao_usa_material_construcao (construcao_id, material_construcao_id, quantidade) values (2, 20, 195);
insert into construcao_usa_material_construcao (construcao_id, material_construcao_id, quantidade) values (7, 12, 173);
insert into construcao_usa_material_construcao (construcao_id, material_construcao_id, quantidade) values (4, 8, 697);
insert into construcao_usa_material_construcao (construcao_id, material_construcao_id, quantidade) values (2, 17, 959);
insert into construcao_usa_material_construcao (construcao_id, material_construcao_id, quantidade) values (7, 11, 982);
insert into construcao_usa_material_construcao (construcao_id, material_construcao_id, quantidade) values (5, 14, 40);
insert into construcao_usa_material_construcao (construcao_id, material_construcao_id, quantidade) values (5, 17, 400);
insert into construcao_usa_material_construcao (construcao_id, material_construcao_id, quantidade) values (4, 17, 827);
insert into construcao_usa_material_construcao (construcao_id, material_construcao_id, quantidade) values (3, 12, 917);
insert into construcao_usa_material_construcao (construcao_id, material_construcao_id, quantidade) values (3, 7, 852);
insert into construcao_usa_material_construcao (construcao_id, material_construcao_id, quantidade) values (4, 8, 510);
insert into construcao_usa_material_construcao (construcao_id, material_construcao_id, quantidade) values (3, 13, 399);
insert into construcao_usa_material_construcao (construcao_id, material_construcao_id, quantidade) values (6, 4, 189);
insert into construcao_usa_material_construcao (construcao_id, material_construcao_id, quantidade) values (5, 17, 361);
insert into construcao_usa_material_construcao (construcao_id, material_construcao_id, quantidade) values (3, 8, 773);
insert into construcao_usa_material_construcao (construcao_id, material_construcao_id, quantidade) values (4, 18, 169);
insert into construcao_usa_material_construcao (construcao_id, material_construcao_id, quantidade) values (2, 17, 297);
insert into construcao_usa_material_construcao (construcao_id, material_construcao_id, quantidade) values (3, 14, 205);
insert into construcao_usa_material_construcao (construcao_id, material_construcao_id, quantidade) values (1, 10, 735);
insert into construcao_usa_material_construcao (construcao_id, material_construcao_id, quantidade) values (7, 18, 981);
insert into construcao_usa_material_construcao (construcao_id, material_construcao_id, quantidade) values (5, 14, 434);
insert into construcao_usa_material_construcao (construcao_id, material_construcao_id, quantidade) values (7, 16, 645);
insert into construcao_usa_material_construcao (construcao_id, material_construcao_id, quantidade) values (3, 18, 360);
insert into construcao_usa_material_construcao (construcao_id, material_construcao_id, quantidade) values (5, 19, 946);
insert into construcao_usa_material_construcao (construcao_id, material_construcao_id, quantidade) values (2, 10, 327);
insert into construcao_usa_material_construcao (construcao_id, material_construcao_id, quantidade) values (4, 10, 406);
insert into construcao_usa_material_construcao (construcao_id, material_construcao_id, quantidade) values (2, 19, 672);
insert into construcao_usa_material_construcao (construcao_id, material_construcao_id, quantidade) values (4, 13, 706);
insert into construcao_usa_material_construcao (construcao_id, material_construcao_id, quantidade) values (3, 14, 797);
insert into construcao_usa_material_construcao (construcao_id, material_construcao_id, quantidade) values (4, 8, 435);
insert into construcao_usa_material_construcao (construcao_id, material_construcao_id, quantidade) values (3, 6, 777);
insert into construcao_usa_material_construcao (construcao_id, material_construcao_id, quantidade) values (3, 7, 656);
insert into construcao_usa_material_construcao (construcao_id, material_construcao_id, quantidade) values (2, 6, 200);
insert into construcao_usa_material_construcao (construcao_id, material_construcao_id, quantidade) values (5, 15, 175);
insert into construcao_usa_material_construcao (construcao_id, material_construcao_id, quantidade) values (3, 17, 576);
insert into construcao_usa_material_construcao (construcao_id, material_construcao_id, quantidade) values (3, 1, 335);
insert into construcao_usa_material_construcao (construcao_id, material_construcao_id, quantidade) values (5, 17, 615);
insert into construcao_usa_material_construcao (construcao_id, material_construcao_id, quantidade) values (4, 4, 273);
insert into construcao_usa_material_construcao (construcao_id, material_construcao_id, quantidade) values (7, 2, 114);
insert into construcao_usa_material_construcao (construcao_id, material_construcao_id, quantidade) values (7, 14, 290);
insert into construcao_usa_material_construcao (construcao_id, material_construcao_id, quantidade) values (3, 5, 945);
insert into construcao_usa_material_construcao (construcao_id, material_construcao_id, quantidade) values (3, 10, 702);
insert into construcao_usa_material_construcao (construcao_id, material_construcao_id, quantidade) values (4, 6, 466);
insert into construcao_usa_material_construcao (construcao_id, material_construcao_id, quantidade) values (5, 19, 332);
insert into construcao_usa_material_construcao (construcao_id, material_construcao_id, quantidade) values (5, 15, 64);
insert into construcao_usa_material_construcao (construcao_id, material_construcao_id, quantidade) values (1, 10, 779);
insert into construcao_usa_material_construcao (construcao_id, material_construcao_id, quantidade) values (5, 7, 676);
insert into construcao_usa_material_construcao (construcao_id, material_construcao_id, quantidade) values (3, 4, 384);
insert into construcao_usa_material_construcao (construcao_id, material_construcao_id, quantidade) values (1, 7, 997);
insert into construcao_usa_material_construcao (construcao_id, material_construcao_id, quantidade) values (4, 1, 839);
insert into construcao_usa_material_construcao (construcao_id, material_construcao_id, quantidade) values (5, 7, 556);
insert into construcao_usa_material_construcao (construcao_id, material_construcao_id, quantidade) values (6, 8, 247);
insert into construcao_usa_material_construcao (construcao_id, material_construcao_id, quantidade) values (2, 7, 766);
insert into construcao_usa_material_construcao (construcao_id, material_construcao_id, quantidade) values (5, 3, 310);
insert into construcao_usa_material_construcao (construcao_id, material_construcao_id, quantidade) values (2, 12, 268);
insert into construcao_usa_material_construcao (construcao_id, material_construcao_id, quantidade) values (6, 19, 558);
insert into construcao_usa_material_construcao (construcao_id, material_construcao_id, quantidade) values (4, 16, 763);
insert into construcao_usa_material_construcao (construcao_id, material_construcao_id, quantidade) values (7, 9, 274);
insert into construcao_usa_material_construcao (construcao_id, material_construcao_id, quantidade) values (1, 4, 560);
insert into construcao_usa_material_construcao (construcao_id, material_construcao_id, quantidade) values (6, 19, 542);
insert into construcao_usa_material_construcao (construcao_id, material_construcao_id, quantidade) values (1, 15, 144);
insert into construcao_usa_material_construcao (construcao_id, material_construcao_id, quantidade) values (2, 1, 516);
insert into construcao_usa_material_construcao (construcao_id, material_construcao_id, quantidade) values (7, 11, 527);
insert into construcao_usa_material_construcao (construcao_id, material_construcao_id, quantidade) values (3, 15, 574);
insert into construcao_usa_material_construcao (construcao_id, material_construcao_id, quantidade) values (1, 15, 24);
insert into construcao_usa_material_construcao (construcao_id, material_construcao_id, quantidade) values (5, 14, 476);
insert into construcao_usa_material_construcao (construcao_id, material_construcao_id, quantidade) values (4, 15, 787);
insert into construcao_usa_material_construcao (construcao_id, material_construcao_id, quantidade) values (1, 16, 468);
insert into construcao_usa_material_construcao (construcao_id, material_construcao_id, quantidade) values (6, 7, 630);
insert into construcao_usa_material_construcao (construcao_id, material_construcao_id, quantidade) values (7, 17, 133);
insert into construcao_usa_material_construcao (construcao_id, material_construcao_id, quantidade) values (3, 5, 523);
insert into construcao_usa_material_construcao (construcao_id, material_construcao_id, quantidade) values (2, 20, 945);
insert into construcao_usa_material_construcao (construcao_id, material_construcao_id, quantidade) values (5, 17, 589);
insert into construcao_usa_material_construcao (construcao_id, material_construcao_id, quantidade) values (3, 5, 1);
insert into construcao_usa_material_construcao (construcao_id, material_construcao_id, quantidade) values (3, 20, 7);
insert into construcao_usa_material_construcao (construcao_id, material_construcao_id, quantidade) values (7, 5, 926);
insert into construcao_usa_material_construcao (construcao_id, material_construcao_id, quantidade) values (4, 4, 58);
insert into construcao_usa_material_construcao (construcao_id, material_construcao_id, quantidade) values (6, 6, 733);
insert into construcao_usa_material_construcao (construcao_id, material_construcao_id, quantidade) values (1, 9, 553);
insert into construcao_usa_material_construcao (construcao_id, material_construcao_id, quantidade) values (7, 12, 490);
insert into construcao_usa_material_construcao (construcao_id, material_construcao_id, quantidade) values (4, 9, 104);
insert into construcao_usa_material_construcao (construcao_id, material_construcao_id, quantidade) values (3, 16, 941);
insert into construcao_usa_material_construcao (construcao_id, material_construcao_id, quantidade) values (1, 9, 583);
insert into construcao_usa_material_construcao (construcao_id, material_construcao_id, quantidade) values (5, 9, 456);
insert into construcao_usa_material_construcao (construcao_id, material_construcao_id, quantidade) values (7, 18, 228);
insert into construcao_usa_material_construcao (construcao_id, material_construcao_id, quantidade) values (3, 19, 39);
insert into construcao_usa_material_construcao (construcao_id, material_construcao_id, quantidade) values (7, 20, 38);
insert into construcao_usa_material_construcao (construcao_id, material_construcao_id, quantidade) values (3, 1, 602);
insert into construcao_usa_material_construcao (construcao_id, material_construcao_id, quantidade) values (3, 6, 353);
insert into construcao_usa_material_construcao (construcao_id, material_construcao_id, quantidade) values (6, 17, 735);
insert into construcao_usa_material_construcao (construcao_id, material_construcao_id, quantidade) values (3, 4, 753);
insert into construcao_usa_material_construcao (construcao_id, material_construcao_id, quantidade) values (5, 4, 633);
insert into construcao_usa_material_construcao (construcao_id, material_construcao_id, quantidade) values (3, 14, 138);
insert into construcao_usa_material_construcao (construcao_id, material_construcao_id, quantidade) values (7, 19, 961);
insert into construcao_usa_material_construcao (construcao_id, material_construcao_id, quantidade) values (4, 14, 269);
insert into construcao_usa_material_construcao (construcao_id, material_construcao_id, quantidade) values (2, 13, 763);
insert into construcao_usa_material_construcao (construcao_id, material_construcao_id, quantidade) values (6, 1, 829);
insert into construcao_usa_material_construcao (construcao_id, material_construcao_id, quantidade) values (6, 14, 571);
insert into construcao_usa_material_construcao (construcao_id, material_construcao_id, quantidade) values (7, 7, 552);
insert into construcao_usa_material_construcao (construcao_id, material_construcao_id, quantidade) values (7, 13, 61);
insert into construcao_usa_material_construcao (construcao_id, material_construcao_id, quantidade) values (1, 20, 936);
insert into construcao_usa_material_construcao (construcao_id, material_construcao_id, quantidade) values (1, 19, 822);
insert into construcao_usa_material_construcao (construcao_id, material_construcao_id, quantidade) values (7, 5, 763);
insert into construcao_usa_material_construcao (construcao_id, material_construcao_id, quantidade) values (2, 5, 389);
insert into construcao_usa_material_construcao (construcao_id, material_construcao_id, quantidade) values (3, 3, 723);
insert into construcao_usa_material_construcao (construcao_id, material_construcao_id, quantidade) values (1, 2, 396);
insert into construcao_usa_material_construcao (construcao_id, material_construcao_id, quantidade) values (7, 5, 639);
insert into construcao_usa_material_construcao (construcao_id, material_construcao_id, quantidade) values (7, 2, 540);
insert into construcao_usa_material_construcao (construcao_id, material_construcao_id, quantidade) values (7, 3, 399);
insert into construcao_usa_material_construcao (construcao_id, material_construcao_id, quantidade) values (4, 11, 395);
insert into construcao_usa_material_construcao (construcao_id, material_construcao_id, quantidade) values (6, 16, 364);
insert into construcao_usa_material_construcao (construcao_id, material_construcao_id, quantidade) values (2, 20, 294);
insert into construcao_usa_material_construcao (construcao_id, material_construcao_id, quantidade) values (6, 16, 795);
insert into construcao_usa_material_construcao (construcao_id, material_construcao_id, quantidade) values (6, 9, 177);
insert into construcao_usa_material_construcao (construcao_id, material_construcao_id, quantidade) values (3, 19, 263);
insert into construcao_usa_material_construcao (construcao_id, material_construcao_id, quantidade) values (3, 20, 375);
insert into construcao_usa_material_construcao (construcao_id, material_construcao_id, quantidade) values (2, 20, 722);
insert into construcao_usa_material_construcao (construcao_id, material_construcao_id, quantidade) values (5, 12, 404);
insert into construcao_usa_material_construcao (construcao_id, material_construcao_id, quantidade) values (1, 3, 687);
insert into construcao_usa_material_construcao (construcao_id, material_construcao_id, quantidade) values (5, 7, 171);
insert into construcao_usa_material_construcao (construcao_id, material_construcao_id, quantidade) values (2, 14, 977);
insert into construcao_usa_material_construcao (construcao_id, material_construcao_id, quantidade) values (1, 20, 414);
insert into construcao_usa_material_construcao (construcao_id, material_construcao_id, quantidade) values (1, 12, 757);
insert into construcao_usa_material_construcao (construcao_id, material_construcao_id, quantidade) values (2, 12, 394);
insert into construcao_usa_material_construcao (construcao_id, material_construcao_id, quantidade) values (1, 7, 959);
insert into construcao_usa_material_construcao (construcao_id, material_construcao_id, quantidade) values (3, 3, 63);
insert into construcao_usa_material_construcao (construcao_id, material_construcao_id, quantidade) values (5, 4, 711);
insert into construcao_usa_material_construcao (construcao_id, material_construcao_id, quantidade) values (6, 10, 462);
insert into construcao_usa_material_construcao (construcao_id, material_construcao_id, quantidade) values (1, 13, 910);
insert into construcao_usa_material_construcao (construcao_id, material_construcao_id, quantidade) values (3, 3, 514);
insert into construcao_usa_material_construcao (construcao_id, material_construcao_id, quantidade) values (5, 1, 101);
insert into construcao_usa_material_construcao (construcao_id, material_construcao_id, quantidade) values (5, 1, 964);
insert into construcao_usa_material_construcao (construcao_id, material_construcao_id, quantidade) values (4, 7, 515);
insert into construcao_usa_material_construcao (construcao_id, material_construcao_id, quantidade) values (3, 19, 798);
insert into construcao_usa_material_construcao (construcao_id, material_construcao_id, quantidade) values (7, 1, 294);
insert into construcao_usa_material_construcao (construcao_id, material_construcao_id, quantidade) values (4, 3, 566);
insert into construcao_usa_material_construcao (construcao_id, material_construcao_id, quantidade) values (5, 8, 981);
insert into construcao_usa_material_construcao (construcao_id, material_construcao_id, quantidade) values (4, 13, 653);
insert into construcao_usa_material_construcao (construcao_id, material_construcao_id, quantidade) values (1, 20, 887);
insert into construcao_usa_material_construcao (construcao_id, material_construcao_id, quantidade) values (3, 11, 338);
insert into construcao_usa_material_construcao (construcao_id, material_construcao_id, quantidade) values (6, 6, 286);
insert into construcao_usa_material_construcao (construcao_id, material_construcao_id, quantidade) values (4, 10, 552);
insert into construcao_usa_material_construcao (construcao_id, material_construcao_id, quantidade) values (2, 9, 444);
insert into construcao_usa_material_construcao (construcao_id, material_construcao_id, quantidade) values (7, 3, 975);
insert into construcao_usa_material_construcao (construcao_id, material_construcao_id, quantidade) values (7, 17, 121);
insert into construcao_usa_material_construcao (construcao_id, material_construcao_id, quantidade) values (2, 14, 604);
insert into construcao_usa_material_construcao (construcao_id, material_construcao_id, quantidade) values (6, 9, 317);
insert into construcao_usa_material_construcao (construcao_id, material_construcao_id, quantidade) values (1, 17, 551);
insert into construcao_usa_material_construcao (construcao_id, material_construcao_id, quantidade) values (6, 11, 247);
insert into construcao_usa_material_construcao (construcao_id, material_construcao_id, quantidade) values (3, 10, 927);
insert into construcao_usa_material_construcao (construcao_id, material_construcao_id, quantidade) values (5, 5, 468);
insert into construcao_usa_material_construcao (construcao_id, material_construcao_id, quantidade) values (7, 14, 51);
insert into construcao_usa_material_construcao (construcao_id, material_construcao_id, quantidade) values (2, 8, 618);
insert into construcao_usa_material_construcao (construcao_id, material_construcao_id, quantidade) values (3, 9, 565);
insert into construcao_usa_material_construcao (construcao_id, material_construcao_id, quantidade) values (1, 7, 424);
insert into construcao_usa_material_construcao (construcao_id, material_construcao_id, quantidade) values (4, 3, 233);
insert into construcao_usa_material_construcao (construcao_id, material_construcao_id, quantidade) values (1, 3, 953);
insert into construcao_usa_material_construcao (construcao_id, material_construcao_id, quantidade) values (4, 6, 313);
insert into construcao_usa_material_construcao (construcao_id, material_construcao_id, quantidade) values (3, 16, 573);
insert into construcao_usa_material_construcao (construcao_id, material_construcao_id, quantidade) values (5, 4, 7);
insert into construcao_usa_material_construcao (construcao_id, material_construcao_id, quantidade) values (4, 17, 111);
insert into construcao_usa_material_construcao (construcao_id, material_construcao_id, quantidade) values (6, 6, 861);
insert into construcao_usa_material_construcao (construcao_id, material_construcao_id, quantidade) values (3, 10, 894);
insert into construcao_usa_material_construcao (construcao_id, material_construcao_id, quantidade) values (4, 7, 646);
insert into construcao_usa_material_construcao (construcao_id, material_construcao_id, quantidade) values (4, 12, 744);
insert into construcao_usa_material_construcao (construcao_id, material_construcao_id, quantidade) values (2, 15, 303);
insert into construcao_usa_material_construcao (construcao_id, material_construcao_id, quantidade) values (6, 3, 165);
insert into construcao_usa_material_construcao (construcao_id, material_construcao_id, quantidade) values (2, 6, 973);
insert into construcao_usa_material_construcao (construcao_id, material_construcao_id, quantidade) values (1, 6, 195);
insert into construcao_usa_material_construcao (construcao_id, material_construcao_id, quantidade) values (7, 8, 853);
insert into construcao_usa_material_construcao (construcao_id, material_construcao_id, quantidade) values (2, 8, 363);
insert into construcao_usa_material_construcao (construcao_id, material_construcao_id, quantidade) values (3, 2, 321);
insert into construcao_usa_material_construcao (construcao_id, material_construcao_id, quantidade) values (6, 17, 986);
insert into construcao_usa_material_construcao (construcao_id, material_construcao_id, quantidade) values (6, 9, 687);
insert into construcao_usa_material_construcao (construcao_id, material_construcao_id, quantidade) values (5, 12, 772);
insert into construcao_usa_material_construcao (construcao_id, material_construcao_id, quantidade) values (4, 13, 192);
insert into construcao_usa_material_construcao (construcao_id, material_construcao_id, quantidade) values (5, 13, 595);
insert into construcao_usa_material_construcao (construcao_id, material_construcao_id, quantidade) values (2, 9, 732);
insert into construcao_usa_material_construcao (construcao_id, material_construcao_id, quantidade) values (2, 3, 518);
insert into construcao_usa_material_construcao (construcao_id, material_construcao_id, quantidade) values (1, 13, 880);
insert into construcao_usa_material_construcao (construcao_id, material_construcao_id, quantidade) values (1, 10, 960);
insert into construcao_usa_material_construcao (construcao_id, material_construcao_id, quantidade) values (7, 5, 250);
insert into construcao_usa_material_construcao (construcao_id, material_construcao_id, quantidade) values (7, 19, 354);
insert into construcao_usa_material_construcao (construcao_id, material_construcao_id, quantidade) values (4, 9, 727);
insert into construcao_usa_material_construcao (construcao_id, material_construcao_id, quantidade) values (7, 9, 404);
insert into construcao_usa_material_construcao (construcao_id, material_construcao_id, quantidade) values (4, 12, 544);
insert into construcao_usa_material_construcao (construcao_id, material_construcao_id, quantidade) values (7, 12, 147);
insert into construcao_usa_material_construcao (construcao_id, material_construcao_id, quantidade) values (2, 11, 777);
insert into construcao_usa_material_construcao (construcao_id, material_construcao_id, quantidade) values (7, 2, 768);
insert into construcao_usa_material_construcao (construcao_id, material_construcao_id, quantidade) values (7, 6, 86);
insert into construcao_usa_material_construcao (construcao_id, material_construcao_id, quantidade) values (3, 5, 293);
insert into construcao_usa_material_construcao (construcao_id, material_construcao_id, quantidade) values (6, 3, 530);
insert into construcao_usa_material_construcao (construcao_id, material_construcao_id, quantidade) values (2, 15, 231);
insert into construcao_usa_material_construcao (construcao_id, material_construcao_id, quantidade) values (7, 14, 469);
insert into construcao_usa_material_construcao (construcao_id, material_construcao_id, quantidade) values (2, 9, 839);
insert into construcao_usa_material_construcao (construcao_id, material_construcao_id, quantidade) values (6, 12, 686);
insert into construcao_usa_material_construcao (construcao_id, material_construcao_id, quantidade) values (6, 15, 242);
insert into construcao_usa_material_construcao (construcao_id, material_construcao_id, quantidade) values (5, 7, 648);
insert into construcao_usa_material_construcao (construcao_id, material_construcao_id, quantidade) values (3, 3, 598);
insert into construcao_usa_material_construcao (construcao_id, material_construcao_id, quantidade) values (2, 17, 29);
insert into construcao_usa_material_construcao (construcao_id, material_construcao_id, quantidade) values (6, 1, 887);
insert into construcao_usa_material_construcao (construcao_id, material_construcao_id, quantidade) values (2, 3, 402);
insert into construcao_usa_material_construcao (construcao_id, material_construcao_id, quantidade) values (5, 5, 511);
insert into construcao_usa_material_construcao (construcao_id, material_construcao_id, quantidade) values (1, 11, 788);
insert into construcao_usa_material_construcao (construcao_id, material_construcao_id, quantidade) values (2, 17, 820);
insert into construcao_usa_material_construcao (construcao_id, material_construcao_id, quantidade) values (2, 9, 902);
insert into construcao_usa_material_construcao (construcao_id, material_construcao_id, quantidade) values (1, 19, 672);
insert into construcao_usa_material_construcao (construcao_id, material_construcao_id, quantidade) values (7, 18, 299);
insert into construcao_usa_material_construcao (construcao_id, material_construcao_id, quantidade) values (5, 6, 679);
insert into construcao_usa_material_construcao (construcao_id, material_construcao_id, quantidade) values (4, 4, 466);
insert into construcao_usa_material_construcao (construcao_id, material_construcao_id, quantidade) values (4, 5, 610);
insert into construcao_usa_material_construcao (construcao_id, material_construcao_id, quantidade) values (3, 20, 692);
insert into construcao_usa_material_construcao (construcao_id, material_construcao_id, quantidade) values (2, 15, 188);
insert into construcao_usa_material_construcao (construcao_id, material_construcao_id, quantidade) values (7, 19, 349);
insert into construcao_usa_material_construcao (construcao_id, material_construcao_id, quantidade) values (7, 4, 759);
insert into construcao_usa_material_construcao (construcao_id, material_construcao_id, quantidade) values (1, 1, 769);
insert into construcao_usa_material_construcao (construcao_id, material_construcao_id, quantidade) values (3, 17, 873);
insert into construcao_usa_material_construcao (construcao_id, material_construcao_id, quantidade) values (1, 1, 285);
insert into construcao_usa_material_construcao (construcao_id, material_construcao_id, quantidade) values (4, 8, 160);
insert into construcao_usa_material_construcao (construcao_id, material_construcao_id, quantidade) values (2, 20, 409);
insert into construcao_usa_material_construcao (construcao_id, material_construcao_id, quantidade) values (4, 8, 988);
insert into construcao_usa_material_construcao (construcao_id, material_construcao_id, quantidade) values (4, 8, 57);
insert into construcao_usa_material_construcao (construcao_id, material_construcao_id, quantidade) values (6, 4, 630);
insert into construcao_usa_material_construcao (construcao_id, material_construcao_id, quantidade) values (4, 7, 175);
insert into construcao_usa_material_construcao (construcao_id, material_construcao_id, quantidade) values (5, 16, 151);
insert into construcao_usa_material_construcao (construcao_id, material_construcao_id, quantidade) values (4, 18, 220);
insert into construcao_usa_material_construcao (construcao_id, material_construcao_id, quantidade) values (2, 7, 380);
insert into construcao_usa_material_construcao (construcao_id, material_construcao_id, quantidade) values (5, 14, 881);
insert into construcao_usa_material_construcao (construcao_id, material_construcao_id, quantidade) values (1, 1, 731);
insert into construcao_usa_material_construcao (construcao_id, material_construcao_id, quantidade) values (1, 18, 882);
insert into construcao_usa_material_construcao (construcao_id, material_construcao_id, quantidade) values (4, 6, 30);
insert into construcao_usa_material_construcao (construcao_id, material_construcao_id, quantidade) values (4, 17, 80);
insert into construcao_usa_material_construcao (construcao_id, material_construcao_id, quantidade) values (6, 12, 823);
insert into construcao_usa_material_construcao (construcao_id, material_construcao_id, quantidade) values (3, 11, 527);
insert into construcao_usa_material_construcao (construcao_id, material_construcao_id, quantidade) values (5, 11, 483);
insert into construcao_usa_material_construcao (construcao_id, material_construcao_id, quantidade) values (7, 15, 546);
insert into construcao_usa_material_construcao (construcao_id, material_construcao_id, quantidade) values (2, 3, 325);
insert into construcao_usa_material_construcao (construcao_id, material_construcao_id, quantidade) values (6, 19, 205);
insert into construcao_usa_material_construcao (construcao_id, material_construcao_id, quantidade) values (2, 6, 742);
insert into construcao_usa_material_construcao (construcao_id, material_construcao_id, quantidade) values (4, 13, 782);
insert into construcao_usa_material_construcao (construcao_id, material_construcao_id, quantidade) values (5, 4, 384);
insert into construcao_usa_material_construcao (construcao_id, material_construcao_id, quantidade) values (7, 2, 787);
insert into construcao_usa_material_construcao (construcao_id, material_construcao_id, quantidade) values (2, 4, 8);
insert into construcao_usa_material_construcao (construcao_id, material_construcao_id, quantidade) values (3, 12, 152);
insert into construcao_usa_material_construcao (construcao_id, material_construcao_id, quantidade) values (6, 7, 356);
insert into construcao_usa_material_construcao (construcao_id, material_construcao_id, quantidade) values (2, 16, 344);
insert into construcao_usa_material_construcao (construcao_id, material_construcao_id, quantidade) values (4, 3, 912);
insert into construcao_usa_material_construcao (construcao_id, material_construcao_id, quantidade) values (4, 17, 992);
insert into construcao_usa_material_construcao (construcao_id, material_construcao_id, quantidade) values (5, 19, 265);
insert into construcao_usa_material_construcao (construcao_id, material_construcao_id, quantidade) values (6, 12, 940);
insert into construcao_usa_material_construcao (construcao_id, material_construcao_id, quantidade) values (3, 3, 929);
insert into construcao_usa_material_construcao (construcao_id, material_construcao_id, quantidade) values (4, 12, 715);
insert into construcao_usa_material_construcao (construcao_id, material_construcao_id, quantidade) values (7, 17, 470);
insert into construcao_usa_material_construcao (construcao_id, material_construcao_id, quantidade) values (7, 16, 397);
insert into construcao_usa_material_construcao (construcao_id, material_construcao_id, quantidade) values (2, 14, 726);
insert into construcao_usa_material_construcao (construcao_id, material_construcao_id, quantidade) values (3, 14, 436);
insert into construcao_usa_material_construcao (construcao_id, material_construcao_id, quantidade) values (1, 2, 79);
insert into construcao_usa_material_construcao (construcao_id, material_construcao_id, quantidade) values (3, 18, 608);
insert into construcao_usa_material_construcao (construcao_id, material_construcao_id, quantidade) values (5, 13, 209);
insert into construcao_usa_material_construcao (construcao_id, material_construcao_id, quantidade) values (1, 10, 858);
insert into construcao_usa_material_construcao (construcao_id, material_construcao_id, quantidade) values (2, 12, 861);
insert into construcao_usa_material_construcao (construcao_id, material_construcao_id, quantidade) values (1, 14, 30);
insert into construcao_usa_material_construcao (construcao_id, material_construcao_id, quantidade) values (1, 5, 792);
insert into construcao_usa_material_construcao (construcao_id, material_construcao_id, quantidade) values (3, 17, 15);
insert into construcao_usa_material_construcao (construcao_id, material_construcao_id, quantidade) values (6, 8, 945);
insert into construcao_usa_material_construcao (construcao_id, material_construcao_id, quantidade) values (7, 19, 120);
insert into construcao_usa_material_construcao (construcao_id, material_construcao_id, quantidade) values (7, 14, 967);
insert into construcao_usa_material_construcao (construcao_id, material_construcao_id, quantidade) values (3, 20, 957);
insert into construcao_usa_material_construcao (construcao_id, material_construcao_id, quantidade) values (5, 11, 488);
insert into construcao_usa_material_construcao (construcao_id, material_construcao_id, quantidade) values (5, 5, 838);
insert into construcao_usa_material_construcao (construcao_id, material_construcao_id, quantidade) values (6, 11, 688);
insert into construcao_usa_material_construcao (construcao_id, material_construcao_id, quantidade) values (6, 8, 155);
insert into construcao_usa_material_construcao (construcao_id, material_construcao_id, quantidade) values (5, 7, 675);
insert into construcao_usa_material_construcao (construcao_id, material_construcao_id, quantidade) values (7, 18, 871);
insert into construcao_usa_material_construcao (construcao_id, material_construcao_id, quantidade) values (7, 4, 120);
insert into construcao_usa_material_construcao (construcao_id, material_construcao_id, quantidade) values (4, 4, 830);
insert into construcao_usa_material_construcao (construcao_id, material_construcao_id, quantidade) values (2, 14, 362);
insert into construcao_usa_material_construcao (construcao_id, material_construcao_id, quantidade) values (4, 9, 676);
insert into construcao_usa_material_construcao (construcao_id, material_construcao_id, quantidade) values (7, 15, 163);
insert into construcao_usa_material_construcao (construcao_id, material_construcao_id, quantidade) values (4, 3, 968);
insert into construcao_usa_material_construcao (construcao_id, material_construcao_id, quantidade) values (4, 15, 584);
insert into construcao_usa_material_construcao (construcao_id, material_construcao_id, quantidade) values (7, 4, 343);
insert into construcao_usa_material_construcao (construcao_id, material_construcao_id, quantidade) values (4, 8, 29);
insert into construcao_usa_material_construcao (construcao_id, material_construcao_id, quantidade) values (6, 16, 26);
insert into construcao_usa_material_construcao (construcao_id, material_construcao_id, quantidade) values (3, 17, 647);
insert into construcao_usa_material_construcao (construcao_id, material_construcao_id, quantidade) values (6, 18, 816);
insert into construcao_usa_material_construcao (construcao_id, material_construcao_id, quantidade) values (6, 18, 881);
insert into construcao_usa_material_construcao (construcao_id, material_construcao_id, quantidade) values (6, 18, 253);
insert into construcao_usa_material_construcao (construcao_id, material_construcao_id, quantidade) values (1, 3, 345);
insert into construcao_usa_material_construcao (construcao_id, material_construcao_id, quantidade) values (5, 4, 555);
insert into construcao_usa_material_construcao (construcao_id, material_construcao_id, quantidade) values (5, 2, 26);
insert into construcao_usa_material_construcao (construcao_id, material_construcao_id, quantidade) values (7, 19, 547);
insert into construcao_usa_material_construcao (construcao_id, material_construcao_id, quantidade) values (6, 6, 749);
insert into construcao_usa_material_construcao (construcao_id, material_construcao_id, quantidade) values (7, 14, 477);
insert into construcao_usa_material_construcao (construcao_id, material_construcao_id, quantidade) values (3, 2, 966);
insert into construcao_usa_material_construcao (construcao_id, material_construcao_id, quantidade) values (3, 13, 735);
insert into construcao_usa_material_construcao (construcao_id, material_construcao_id, quantidade) values (5, 10, 92);
insert into construcao_usa_material_construcao (construcao_id, material_construcao_id, quantidade) values (6, 6, 621);
insert into construcao_usa_material_construcao (construcao_id, material_construcao_id, quantidade) values (2, 11, 559);
insert into construcao_usa_material_construcao (construcao_id, material_construcao_id, quantidade) values (7, 1, 314);
insert into construcao_usa_material_construcao (construcao_id, material_construcao_id, quantidade) values (6, 16, 157);
insert into construcao_usa_material_construcao (construcao_id, material_construcao_id, quantidade) values (3, 6, 517);
insert into construcao_usa_material_construcao (construcao_id, material_construcao_id, quantidade) values (3, 6, 55);
insert into construcao_usa_material_construcao (construcao_id, material_construcao_id, quantidade) values (4, 2, 498);
insert into construcao_usa_material_construcao (construcao_id, material_construcao_id, quantidade) values (4, 17, 441);
insert into construcao_usa_material_construcao (construcao_id, material_construcao_id, quantidade) values (5, 7, 860);
insert into construcao_usa_material_construcao (construcao_id, material_construcao_id, quantidade) values (6, 15, 982);
insert into construcao_usa_material_construcao (construcao_id, material_construcao_id, quantidade) values (7, 12, 736);
insert into construcao_usa_material_construcao (construcao_id, material_construcao_id, quantidade) values (5, 2, 425);
insert into construcao_usa_material_construcao (construcao_id, material_construcao_id, quantidade) values (1, 4, 440);
insert into construcao_usa_material_construcao (construcao_id, material_construcao_id, quantidade) values (3, 5, 769);
insert into construcao_usa_material_construcao (construcao_id, material_construcao_id, quantidade) values (7, 6, 705);
insert into construcao_usa_material_construcao (construcao_id, material_construcao_id, quantidade) values (2, 5, 437);
insert into construcao_usa_material_construcao (construcao_id, material_construcao_id, quantidade) values (1, 10, 482);
insert into construcao_usa_material_construcao (construcao_id, material_construcao_id, quantidade) values (1, 10, 783);
insert into construcao_usa_material_construcao (construcao_id, material_construcao_id, quantidade) values (7, 5, 236);
insert into construcao_usa_material_construcao (construcao_id, material_construcao_id, quantidade) values (1, 19, 849);
insert into construcao_usa_material_construcao (construcao_id, material_construcao_id, quantidade) values (7, 9, 323);
insert into construcao_usa_material_construcao (construcao_id, material_construcao_id, quantidade) values (1, 17, 139);
insert into construcao_usa_material_construcao (construcao_id, material_construcao_id, quantidade) values (4, 8, 825);
insert into construcao_usa_material_construcao (construcao_id, material_construcao_id, quantidade) values (5, 14, 464);
insert into construcao_usa_material_construcao (construcao_id, material_construcao_id, quantidade) values (2, 13, 741);
insert into construcao_usa_material_construcao (construcao_id, material_construcao_id, quantidade) values (1, 20, 504);
insert into construcao_usa_material_construcao (construcao_id, material_construcao_id, quantidade) values (7, 4, 292);
insert into construcao_usa_material_construcao (construcao_id, material_construcao_id, quantidade) values (5, 5, 688);
insert into construcao_usa_material_construcao (construcao_id, material_construcao_id, quantidade) values (7, 12, 831);
insert into construcao_usa_material_construcao (construcao_id, material_construcao_id, quantidade) values (6, 13, 385);
insert into construcao_usa_material_construcao (construcao_id, material_construcao_id, quantidade) values (4, 2, 740);
insert into construcao_usa_material_construcao (construcao_id, material_construcao_id, quantidade) values (7, 13, 904);
insert into construcao_usa_material_construcao (construcao_id, material_construcao_id, quantidade) values (2, 19, 627);
insert into construcao_usa_material_construcao (construcao_id, material_construcao_id, quantidade) values (7, 9, 500);
insert into construcao_usa_material_construcao (construcao_id, material_construcao_id, quantidade) values (6, 16, 705);
insert into construcao_usa_material_construcao (construcao_id, material_construcao_id, quantidade) values (3, 17, 531);
insert into construcao_usa_material_construcao (construcao_id, material_construcao_id, quantidade) values (4, 17, 402);
insert into construcao_usa_material_construcao (construcao_id, material_construcao_id, quantidade) values (5, 1, 414);
insert into construcao_usa_material_construcao (construcao_id, material_construcao_id, quantidade) values (5, 6, 964);
insert into construcao_usa_material_construcao (construcao_id, material_construcao_id, quantidade) values (2, 16, 748);
insert into construcao_usa_material_construcao (construcao_id, material_construcao_id, quantidade) values (2, 4, 717);
insert into construcao_usa_material_construcao (construcao_id, material_construcao_id, quantidade) values (7, 19, 190);
insert into construcao_usa_material_construcao (construcao_id, material_construcao_id, quantidade) values (3, 9, 712);
insert into construcao_usa_material_construcao (construcao_id, material_construcao_id, quantidade) values (4, 7, 764);
insert into construcao_usa_material_construcao (construcao_id, material_construcao_id, quantidade) values (7, 8, 952);
insert into construcao_usa_material_construcao (construcao_id, material_construcao_id, quantidade) values (7, 15, 66);
insert into construcao_usa_material_construcao (construcao_id, material_construcao_id, quantidade) values (5, 4, 100);
insert into construcao_usa_material_construcao (construcao_id, material_construcao_id, quantidade) values (3, 20, 824);
insert into construcao_usa_material_construcao (construcao_id, material_construcao_id, quantidade) values (1, 3, 576);
insert into construcao_usa_material_construcao (construcao_id, material_construcao_id, quantidade) values (4, 2, 810);
insert into construcao_usa_material_construcao (construcao_id, material_construcao_id, quantidade) values (6, 5, 959);
insert into construcao_usa_material_construcao (construcao_id, material_construcao_id, quantidade) values (2, 3, 895);
insert into construcao_usa_material_construcao (construcao_id, material_construcao_id, quantidade) values (3, 11, 717);
insert into construcao_usa_material_construcao (construcao_id, material_construcao_id, quantidade) values (2, 5, 767);
insert into construcao_usa_material_construcao (construcao_id, material_construcao_id, quantidade) values (3, 2, 489);
insert into construcao_usa_material_construcao (construcao_id, material_construcao_id, quantidade) values (6, 12, 917);
insert into construcao_usa_material_construcao (construcao_id, material_construcao_id, quantidade) values (5, 11, 198);
insert into construcao_usa_material_construcao (construcao_id, material_construcao_id, quantidade) values (2, 16, 949);
insert into construcao_usa_material_construcao (construcao_id, material_construcao_id, quantidade) values (3, 5, 695);
insert into construcao_usa_material_construcao (construcao_id, material_construcao_id, quantidade) values (4, 18, 73);
insert into construcao_usa_material_construcao (construcao_id, material_construcao_id, quantidade) values (1, 11, 732);
insert into construcao_usa_material_construcao (construcao_id, material_construcao_id, quantidade) values (7, 8, 258);
insert into construcao_usa_material_construcao (construcao_id, material_construcao_id, quantidade) values (4, 8, 767);
insert into construcao_usa_material_construcao (construcao_id, material_construcao_id, quantidade) values (1, 9, 204);
insert into construcao_usa_material_construcao (construcao_id, material_construcao_id, quantidade) values (4, 12, 201);
insert into construcao_usa_material_construcao (construcao_id, material_construcao_id, quantidade) values (6, 18, 927);
insert into construcao_usa_material_construcao (construcao_id, material_construcao_id, quantidade) values (7, 11, 905);
insert into construcao_usa_material_construcao (construcao_id, material_construcao_id, quantidade) values (4, 20, 393);
insert into construcao_usa_material_construcao (construcao_id, material_construcao_id, quantidade) values (6, 3, 871);
insert into construcao_usa_material_construcao (construcao_id, material_construcao_id, quantidade) values (3, 14, 551);
insert into construcao_usa_material_construcao (construcao_id, material_construcao_id, quantidade) values (2, 11, 685);
insert into construcao_usa_material_construcao (construcao_id, material_construcao_id, quantidade) values (6, 11, 212);
insert into construcao_usa_material_construcao (construcao_id, material_construcao_id, quantidade) values (5, 5, 910);
insert into construcao_usa_material_construcao (construcao_id, material_construcao_id, quantidade) values (4, 2, 141);
insert into construcao_usa_material_construcao (construcao_id, material_construcao_id, quantidade) values (6, 3, 646);
insert into construcao_usa_material_construcao (construcao_id, material_construcao_id, quantidade) values (5, 15, 815);
insert into construcao_usa_material_construcao (construcao_id, material_construcao_id, quantidade) values (5, 9, 39);
insert into construcao_usa_material_construcao (construcao_id, material_construcao_id, quantidade) values (6, 20, 69);
insert into construcao_usa_material_construcao (construcao_id, material_construcao_id, quantidade) values (4, 11, 411);
insert into construcao_usa_material_construcao (construcao_id, material_construcao_id, quantidade) values (2, 1, 297);
insert into construcao_usa_material_construcao (construcao_id, material_construcao_id, quantidade) values (2, 14, 120);
insert into construcao_usa_material_construcao (construcao_id, material_construcao_id, quantidade) values (7, 6, 221);
insert into construcao_usa_material_construcao (construcao_id, material_construcao_id, quantidade) values (6, 14, 605);
insert into construcao_usa_material_construcao (construcao_id, material_construcao_id, quantidade) values (4, 11, 674);
insert into construcao_usa_material_construcao (construcao_id, material_construcao_id, quantidade) values (1, 5, 270);
insert into construcao_usa_material_construcao (construcao_id, material_construcao_id, quantidade) values (5, 9, 624);
insert into construcao_usa_material_construcao (construcao_id, material_construcao_id, quantidade) values (7, 9, 191);
insert into construcao_usa_material_construcao (construcao_id, material_construcao_id, quantidade) values (1, 5, 821);
insert into construcao_usa_material_construcao (construcao_id, material_construcao_id, quantidade) values (1, 2, 763);
insert into construcao_usa_material_construcao (construcao_id, material_construcao_id, quantidade) values (7, 18, 740);
insert into construcao_usa_material_construcao (construcao_id, material_construcao_id, quantidade) values (7, 13, 555);
insert into construcao_usa_material_construcao (construcao_id, material_construcao_id, quantidade) values (3, 12, 93);
insert into construcao_usa_material_construcao (construcao_id, material_construcao_id, quantidade) values (6, 7, 362);
insert into construcao_usa_material_construcao (construcao_id, material_construcao_id, quantidade) values (4, 15, 981);
insert into construcao_usa_material_construcao (construcao_id, material_construcao_id, quantidade) values (2, 12, 947);
insert into construcao_usa_material_construcao (construcao_id, material_construcao_id, quantidade) values (6, 11, 84);
insert into construcao_usa_material_construcao (construcao_id, material_construcao_id, quantidade) values (4, 17, 708);
insert into construcao_usa_material_construcao (construcao_id, material_construcao_id, quantidade) values (3, 16, 784);
insert into construcao_usa_material_construcao (construcao_id, material_construcao_id, quantidade) values (5, 16, 474);
insert into construcao_usa_material_construcao (construcao_id, material_construcao_id, quantidade) values (6, 14, 545);
insert into construcao_usa_material_construcao (construcao_id, material_construcao_id, quantidade) values (2, 20, 697);
insert into construcao_usa_material_construcao (construcao_id, material_construcao_id, quantidade) values (7, 1, 169);
insert into construcao_usa_material_construcao (construcao_id, material_construcao_id, quantidade) values (1, 17, 694);
insert into construcao_usa_material_construcao (construcao_id, material_construcao_id, quantidade) values (5, 10, 574);
insert into construcao_usa_material_construcao (construcao_id, material_construcao_id, quantidade) values (4, 7, 531);
insert into construcao_usa_material_construcao (construcao_id, material_construcao_id, quantidade) values (1, 12, 694);
insert into construcao_usa_material_construcao (construcao_id, material_construcao_id, quantidade) values (6, 1, 50);
insert into construcao_usa_material_construcao (construcao_id, material_construcao_id, quantidade) values (4, 10, 876);
insert into construcao_usa_material_construcao (construcao_id, material_construcao_id, quantidade) values (2, 1, 675);
insert into construcao_usa_material_construcao (construcao_id, material_construcao_id, quantidade) values (5, 10, 954);
insert into construcao_usa_material_construcao (construcao_id, material_construcao_id, quantidade) values (2, 14, 165);
insert into construcao_usa_material_construcao (construcao_id, material_construcao_id, quantidade) values (1, 8, 484);
insert into construcao_usa_material_construcao (construcao_id, material_construcao_id, quantidade) values (3, 15, 713);
insert into construcao_usa_material_construcao (construcao_id, material_construcao_id, quantidade) values (4, 3, 940);
insert into construcao_usa_material_construcao (construcao_id, material_construcao_id, quantidade) values (3, 13, 486);
insert into construcao_usa_material_construcao (construcao_id, material_construcao_id, quantidade) values (6, 6, 881);
insert into construcao_usa_material_construcao (construcao_id, material_construcao_id, quantidade) values (5, 4, 760);
insert into construcao_usa_material_construcao (construcao_id, material_construcao_id, quantidade) values (7, 5, 729);
insert into construcao_usa_material_construcao (construcao_id, material_construcao_id, quantidade) values (1, 19, 349);
insert into construcao_usa_material_construcao (construcao_id, material_construcao_id, quantidade) values (3, 15, 677);
insert into construcao_usa_material_construcao (construcao_id, material_construcao_id, quantidade) values (5, 14, 387);
insert into construcao_usa_material_construcao (construcao_id, material_construcao_id, quantidade) values (2, 17, 288);
insert into construcao_usa_material_construcao (construcao_id, material_construcao_id, quantidade) values (3, 15, 327);
insert into construcao_usa_material_construcao (construcao_id, material_construcao_id, quantidade) values (1, 1, 363);
insert into construcao_usa_material_construcao (construcao_id, material_construcao_id, quantidade) values (3, 11, 969);
insert into construcao_usa_material_construcao (construcao_id, material_construcao_id, quantidade) values (1, 16, 82);
insert into construcao_usa_material_construcao (construcao_id, material_construcao_id, quantidade) values (2, 19, 692);
insert into construcao_usa_material_construcao (construcao_id, material_construcao_id, quantidade) values (3, 18, 33);
insert into construcao_usa_material_construcao (construcao_id, material_construcao_id, quantidade) values (2, 2, 570);
insert into construcao_usa_material_construcao (construcao_id, material_construcao_id, quantidade) values (1, 17, 646);
insert into construcao_usa_material_construcao (construcao_id, material_construcao_id, quantidade) values (4, 7, 837);
insert into construcao_usa_material_construcao (construcao_id, material_construcao_id, quantidade) values (2, 16, 317);
insert into construcao_usa_material_construcao (construcao_id, material_construcao_id, quantidade) values (6, 10, 274);
insert into construcao_usa_material_construcao (construcao_id, material_construcao_id, quantidade) values (1, 2, 210);
insert into construcao_usa_material_construcao (construcao_id, material_construcao_id, quantidade) values (5, 11, 656);
insert into construcao_usa_material_construcao (construcao_id, material_construcao_id, quantidade) values (5, 4, 896);
insert into construcao_usa_material_construcao (construcao_id, material_construcao_id, quantidade) values (5, 13, 258);
insert into construcao_usa_material_construcao (construcao_id, material_construcao_id, quantidade) values (6, 9, 210);
insert into construcao_usa_material_construcao (construcao_id, material_construcao_id, quantidade) values (4, 4, 233);
insert into construcao_usa_material_construcao (construcao_id, material_construcao_id, quantidade) values (5, 7, 319);
insert into construcao_usa_material_construcao (construcao_id, material_construcao_id, quantidade) values (1, 6, 857);
insert into construcao_usa_material_construcao (construcao_id, material_construcao_id, quantidade) values (4, 12, 973);
insert into construcao_usa_material_construcao (construcao_id, material_construcao_id, quantidade) values (5, 9, 722);
insert into construcao_usa_material_construcao (construcao_id, material_construcao_id, quantidade) values (5, 18, 460);
insert into construcao_usa_material_construcao (construcao_id, material_construcao_id, quantidade) values (5, 11, 776);
insert into construcao_usa_material_construcao (construcao_id, material_construcao_id, quantidade) values (1, 12, 951);
insert into construcao_usa_material_construcao (construcao_id, material_construcao_id, quantidade) values (1, 19, 956);
insert into construcao_usa_material_construcao (construcao_id, material_construcao_id, quantidade) values (2, 4, 189);
insert into construcao_usa_material_construcao (construcao_id, material_construcao_id, quantidade) values (3, 5, 682);
insert into construcao_usa_material_construcao (construcao_id, material_construcao_id, quantidade) values (6, 5, 299);
insert into construcao_usa_material_construcao (construcao_id, material_construcao_id, quantidade) values (7, 4, 177);
insert into construcao_usa_material_construcao (construcao_id, material_construcao_id, quantidade) values (4, 17, 380);
insert into construcao_usa_material_construcao (construcao_id, material_construcao_id, quantidade) values (5, 7, 712);
insert into construcao_usa_material_construcao (construcao_id, material_construcao_id, quantidade) values (6, 7, 819);
insert into construcao_usa_material_construcao (construcao_id, material_construcao_id, quantidade) values (6, 10, 704);
insert into construcao_usa_material_construcao (construcao_id, material_construcao_id, quantidade) values (3, 17, 697);
insert into construcao_usa_material_construcao (construcao_id, material_construcao_id, quantidade) values (4, 7, 478);
insert into construcao_usa_material_construcao (construcao_id, material_construcao_id, quantidade) values (5, 19, 881);
insert into construcao_usa_material_construcao (construcao_id, material_construcao_id, quantidade) values (6, 2, 366);
insert into construcao_usa_material_construcao (construcao_id, material_construcao_id, quantidade) values (6, 10, 609);
insert into construcao_usa_material_construcao (construcao_id, material_construcao_id, quantidade) values (3, 17, 193);
insert into construcao_usa_material_construcao (construcao_id, material_construcao_id, quantidade) values (2, 20, 438);
insert into construcao_usa_material_construcao (construcao_id, material_construcao_id, quantidade) values (2, 10, 809);
insert into construcao_usa_material_construcao (construcao_id, material_construcao_id, quantidade) values (3, 17, 850);
insert into construcao_usa_material_construcao (construcao_id, material_construcao_id, quantidade) values (1, 18, 85);
insert into construcao_usa_material_construcao (construcao_id, material_construcao_id, quantidade) values (4, 17, 209);
insert into construcao_usa_material_construcao (construcao_id, material_construcao_id, quantidade) values (1, 5, 410);
insert into construcao_usa_material_construcao (construcao_id, material_construcao_id, quantidade) values (3, 19, 461);
insert into construcao_usa_material_construcao (construcao_id, material_construcao_id, quantidade) values (1, 4, 773);
insert into construcao_usa_material_construcao (construcao_id, material_construcao_id, quantidade) values (5, 16, 758);
insert into construcao_usa_material_construcao (construcao_id, material_construcao_id, quantidade) values (5, 12, 259);
insert into construcao_usa_material_construcao (construcao_id, material_construcao_id, quantidade) values (7, 1, 762);
insert into construcao_usa_material_construcao (construcao_id, material_construcao_id, quantidade) values (5, 5, 74);
insert into construcao_usa_material_construcao (construcao_id, material_construcao_id, quantidade) values (3, 3, 738);
insert into construcao_usa_material_construcao (construcao_id, material_construcao_id, quantidade) values (3, 18, 967);
insert into construcao_usa_material_construcao (construcao_id, material_construcao_id, quantidade) values (4, 15, 285);
insert into construcao_usa_material_construcao (construcao_id, material_construcao_id, quantidade) values (5, 17, 715);
insert into construcao_usa_material_construcao (construcao_id, material_construcao_id, quantidade) values (6, 19, 77);
insert into construcao_usa_material_construcao (construcao_id, material_construcao_id, quantidade) values (6, 20, 98);
insert into construcao_usa_material_construcao (construcao_id, material_construcao_id, quantidade) values (3, 3, 869);
insert into construcao_usa_material_construcao (construcao_id, material_construcao_id, quantidade) values (2, 8, 442);
insert into construcao_usa_material_construcao (construcao_id, material_construcao_id, quantidade) values (6, 12, 393);
insert into construcao_usa_material_construcao (construcao_id, material_construcao_id, quantidade) values (7, 3, 62);
insert into construcao_usa_material_construcao (construcao_id, material_construcao_id, quantidade) values (7, 5, 483);
insert into construcao_usa_material_construcao (construcao_id, material_construcao_id, quantidade) values (3, 3, 464);
insert into construcao_usa_material_construcao (construcao_id, material_construcao_id, quantidade) values (1, 14, 311);
insert into construcao_usa_material_construcao (construcao_id, material_construcao_id, quantidade) values (7, 4, 796);
insert into construcao_usa_material_construcao (construcao_id, material_construcao_id, quantidade) values (5, 7, 202);
insert into construcao_usa_material_construcao (construcao_id, material_construcao_id, quantidade) values (2, 3, 823);
insert into construcao_usa_material_construcao (construcao_id, material_construcao_id, quantidade) values (4, 15, 336);
insert into construcao_usa_material_construcao (construcao_id, material_construcao_id, quantidade) values (6, 18, 830);
insert into construcao_usa_material_construcao (construcao_id, material_construcao_id, quantidade) values (2, 17, 567);
insert into construcao_usa_material_construcao (construcao_id, material_construcao_id, quantidade) values (7, 1, 254);
insert into construcao_usa_material_construcao (construcao_id, material_construcao_id, quantidade) values (1, 19, 978);
insert into construcao_usa_material_construcao (construcao_id, material_construcao_id, quantidade) values (6, 2, 282);
insert into construcao_usa_material_construcao (construcao_id, material_construcao_id, quantidade) values (5, 9, 415);
insert into construcao_usa_material_construcao (construcao_id, material_construcao_id, quantidade) values (3, 12, 889);
insert into construcao_usa_material_construcao (construcao_id, material_construcao_id, quantidade) values (1, 4, 722);
insert into construcao_usa_material_construcao (construcao_id, material_construcao_id, quantidade) values (3, 6, 925);
insert into construcao_usa_material_construcao (construcao_id, material_construcao_id, quantidade) values (2, 19, 316);
insert into construcao_usa_material_construcao (construcao_id, material_construcao_id, quantidade) values (7, 14, 630);
insert into construcao_usa_material_construcao (construcao_id, material_construcao_id, quantidade) values (1, 2, 158);
insert into construcao_usa_material_construcao (construcao_id, material_construcao_id, quantidade) values (2, 4, 481);
insert into construcao_usa_material_construcao (construcao_id, material_construcao_id, quantidade) values (4, 16, 262);
insert into construcao_usa_material_construcao (construcao_id, material_construcao_id, quantidade) values (2, 8, 817);
insert into construcao_usa_material_construcao (construcao_id, material_construcao_id, quantidade) values (4, 7, 660);
insert into construcao_usa_material_construcao (construcao_id, material_construcao_id, quantidade) values (3, 16, 58);
insert into construcao_usa_material_construcao (construcao_id, material_construcao_id, quantidade) values (6, 5, 6);
insert into construcao_usa_material_construcao (construcao_id, material_construcao_id, quantidade) values (7, 14, 233);
insert into construcao_usa_material_construcao (construcao_id, material_construcao_id, quantidade) values (7, 15, 379);
insert into construcao_usa_material_construcao (construcao_id, material_construcao_id, quantidade) values (1, 17, 140);
insert into construcao_usa_material_construcao (construcao_id, material_construcao_id, quantidade) values (1, 7, 689);
insert into construcao_usa_material_construcao (construcao_id, material_construcao_id, quantidade) values (3, 10, 608);
insert into construcao_usa_material_construcao (construcao_id, material_construcao_id, quantidade) values (4, 2, 178);
insert into construcao_usa_material_construcao (construcao_id, material_construcao_id, quantidade) values (5, 3, 42);
insert into construcao_usa_material_construcao (construcao_id, material_construcao_id, quantidade) values (2, 6, 684);
insert into construcao_usa_material_construcao (construcao_id, material_construcao_id, quantidade) values (5, 15, 630);
insert into construcao_usa_material_construcao (construcao_id, material_construcao_id, quantidade) values (5, 15, 313);
insert into construcao_usa_material_construcao (construcao_id, material_construcao_id, quantidade) values (7, 11, 828);
insert into construcao_usa_material_construcao (construcao_id, material_construcao_id, quantidade) values (4, 3, 371);
insert into construcao_usa_material_construcao (construcao_id, material_construcao_id, quantidade) values (7, 3, 366);
insert into construcao_usa_material_construcao (construcao_id, material_construcao_id, quantidade) values (5, 4, 314);
insert into construcao_usa_material_construcao (construcao_id, material_construcao_id, quantidade) values (3, 6, 533);
insert into construcao_usa_material_construcao (construcao_id, material_construcao_id, quantidade) values (4, 4, 39);
insert into construcao_usa_material_construcao (construcao_id, material_construcao_id, quantidade) values (2, 6, 214);
insert into construcao_usa_material_construcao (construcao_id, material_construcao_id, quantidade) values (5, 9, 560);
insert into construcao_usa_material_construcao (construcao_id, material_construcao_id, quantidade) values (7, 12, 604);
insert into construcao_usa_material_construcao (construcao_id, material_construcao_id, quantidade) values (5, 17, 612);
insert into construcao_usa_material_construcao (construcao_id, material_construcao_id, quantidade) values (4, 20, 405);
insert into construcao_usa_material_construcao (construcao_id, material_construcao_id, quantidade) values (7, 18, 625);
insert into construcao_usa_material_construcao (construcao_id, material_construcao_id, quantidade) values (2, 8, 285);
insert into construcao_usa_material_construcao (construcao_id, material_construcao_id, quantidade) values (3, 1, 902);
insert into construcao_usa_material_construcao (construcao_id, material_construcao_id, quantidade) values (3, 4, 833);
insert into construcao_usa_material_construcao (construcao_id, material_construcao_id, quantidade) values (3, 3, 104);
insert into construcao_usa_material_construcao (construcao_id, material_construcao_id, quantidade) values (7, 2, 912);
insert into construcao_usa_material_construcao (construcao_id, material_construcao_id, quantidade) values (6, 15, 801);
insert into construcao_usa_material_construcao (construcao_id, material_construcao_id, quantidade) values (1, 12, 201);
insert into construcao_usa_material_construcao (construcao_id, material_construcao_id, quantidade) values (3, 13, 503);
insert into construcao_usa_material_construcao (construcao_id, material_construcao_id, quantidade) values (2, 2, 594);
insert into construcao_usa_material_construcao (construcao_id, material_construcao_id, quantidade) values (6, 2, 394);
insert into construcao_usa_material_construcao (construcao_id, material_construcao_id, quantidade) values (5, 7, 876);
insert into construcao_usa_material_construcao (construcao_id, material_construcao_id, quantidade) values (3, 9, 493);
insert into construcao_usa_material_construcao (construcao_id, material_construcao_id, quantidade) values (6, 10, 109);
insert into construcao_usa_material_construcao (construcao_id, material_construcao_id, quantidade) values (7, 4, 311);
insert into construcao_usa_material_construcao (construcao_id, material_construcao_id, quantidade) values (7, 10, 960);
insert into construcao_usa_material_construcao (construcao_id, material_construcao_id, quantidade) values (6, 8, 841);
insert into construcao_usa_material_construcao (construcao_id, material_construcao_id, quantidade) values (7, 19, 461);
insert into construcao_usa_material_construcao (construcao_id, material_construcao_id, quantidade) values (2, 9, 101);
insert into construcao_usa_material_construcao (construcao_id, material_construcao_id, quantidade) values (4, 13, 604);
insert into construcao_usa_material_construcao (construcao_id, material_construcao_id, quantidade) values (2, 5, 185);
insert into construcao_usa_material_construcao (construcao_id, material_construcao_id, quantidade) values (1, 20, 916);
insert into construcao_usa_material_construcao (construcao_id, material_construcao_id, quantidade) values (6, 6, 165);
insert into construcao_usa_material_construcao (construcao_id, material_construcao_id, quantidade) values (3, 18, 109);
insert into construcao_usa_material_construcao (construcao_id, material_construcao_id, quantidade) values (5, 14, 223);
insert into construcao_usa_material_construcao (construcao_id, material_construcao_id, quantidade) values (4, 13, 828);
insert into construcao_usa_material_construcao (construcao_id, material_construcao_id, quantidade) values (6, 20, 660);
insert into construcao_usa_material_construcao (construcao_id, material_construcao_id, quantidade) values (4, 12, 377);
insert into construcao_usa_material_construcao (construcao_id, material_construcao_id, quantidade) values (1, 1, 45);
insert into construcao_usa_material_construcao (construcao_id, material_construcao_id, quantidade) values (3, 16, 261);
insert into construcao_usa_material_construcao (construcao_id, material_construcao_id, quantidade) values (4, 2, 679);
insert into construcao_usa_material_construcao (construcao_id, material_construcao_id, quantidade) values (6, 16, 159);
insert into construcao_usa_material_construcao (construcao_id, material_construcao_id, quantidade) values (6, 16, 786);
insert into construcao_usa_material_construcao (construcao_id, material_construcao_id, quantidade) values (5, 18, 496);
insert into construcao_usa_material_construcao (construcao_id, material_construcao_id, quantidade) values (4, 5, 897);
insert into construcao_usa_material_construcao (construcao_id, material_construcao_id, quantidade) values (5, 10, 372);
insert into construcao_usa_material_construcao (construcao_id, material_construcao_id, quantidade) values (7, 2, 225);
insert into construcao_usa_material_construcao (construcao_id, material_construcao_id, quantidade) values (7, 10, 795);
insert into construcao_usa_material_construcao (construcao_id, material_construcao_id, quantidade) values (6, 9, 14);
insert into construcao_usa_material_construcao (construcao_id, material_construcao_id, quantidade) values (3, 1, 369);
insert into construcao_usa_material_construcao (construcao_id, material_construcao_id, quantidade) values (4, 11, 614);
insert into construcao_usa_material_construcao (construcao_id, material_construcao_id, quantidade) values (2, 12, 166);
insert into construcao_usa_material_construcao (construcao_id, material_construcao_id, quantidade) values (4, 6, 16);
insert into construcao_usa_material_construcao (construcao_id, material_construcao_id, quantidade) values (2, 2, 47);
insert into construcao_usa_material_construcao (construcao_id, material_construcao_id, quantidade) values (6, 5, 412);
insert into construcao_usa_material_construcao (construcao_id, material_construcao_id, quantidade) values (2, 15, 649);
insert into construcao_usa_material_construcao (construcao_id, material_construcao_id, quantidade) values (5, 7, 609);
insert into construcao_usa_material_construcao (construcao_id, material_construcao_id, quantidade) values (1, 8, 718);
insert into construcao_usa_material_construcao (construcao_id, material_construcao_id, quantidade) values (6, 3, 181);
insert into construcao_usa_material_construcao (construcao_id, material_construcao_id, quantidade) values (6, 8, 652);
insert into construcao_usa_material_construcao (construcao_id, material_construcao_id, quantidade) values (3, 9, 311);
insert into construcao_usa_material_construcao (construcao_id, material_construcao_id, quantidade) values (7, 9, 657);
insert into construcao_usa_material_construcao (construcao_id, material_construcao_id, quantidade) values (6, 13, 359);
insert into construcao_usa_material_construcao (construcao_id, material_construcao_id, quantidade) values (7, 17, 358);
insert into construcao_usa_material_construcao (construcao_id, material_construcao_id, quantidade) values (2, 11, 258);
insert into construcao_usa_material_construcao (construcao_id, material_construcao_id, quantidade) values (1, 6, 775);
insert into construcao_usa_material_construcao (construcao_id, material_construcao_id, quantidade) values (5, 6, 885);
insert into construcao_usa_material_construcao (construcao_id, material_construcao_id, quantidade) values (3, 19, 730);
insert into construcao_usa_material_construcao (construcao_id, material_construcao_id, quantidade) values (3, 14, 839);
insert into construcao_usa_material_construcao (construcao_id, material_construcao_id, quantidade) values (7, 3, 239);
insert into construcao_usa_material_construcao (construcao_id, material_construcao_id, quantidade) values (2, 1, 768);
insert into construcao_usa_material_construcao (construcao_id, material_construcao_id, quantidade) values (6, 1, 528);
insert into construcao_usa_material_construcao (construcao_id, material_construcao_id, quantidade) values (6, 4, 925);
insert into construcao_usa_material_construcao (construcao_id, material_construcao_id, quantidade) values (5, 7, 34);
insert into construcao_usa_material_construcao (construcao_id, material_construcao_id, quantidade) values (7, 3, 690);
insert into construcao_usa_material_construcao (construcao_id, material_construcao_id, quantidade) values (6, 11, 576);
